t_s,speed_mps,travelled_m,remaining_stop_m,pure_steer_m,combined_frozen_m
0.0,25.0,0.0,63.710499490316,27.65006318046655,nan
0.01698946653075093,24.916666666666668,0.424028768829992,63.28647072148601,27.55789630319833,nan
0.03397893306150186,24.833333333333332,0.8466417487824215,62.86385774153357,27.465729425930103,nan
0.05096839959225279,24.75,1.267838939857288,62.44266055045871,27.373562548661884,nan
0.06795786612300372,24.666666666666668,1.6876203420545925,62.02287914826141,27.281395671393664,nan
0.08494733265375465,24.583333333333332,2.1059859553743343,61.60451353494166,27.18922879412544,nan
0.10193679918450559,24.5,2.522935779816513,61.18756371049949,27.097061916857218,nan
0.11892626571525652,24.416666666666668,2.9384698153811297,60.77202967493488,27.004895039588998,nan
0.13591573224600745,24.333333333333332,3.352588062068184,60.35791142824782,26.912728162320775,nan
0.15290519877675837,24.25,3.765290519877675,59.94520897043832,26.820561285052552,nan
0.1698946653075093,24.166666666666668,4.176577188809604,59.5339223015064,26.728394407784332,nan
0.18688413183826025,24.083333333333332,4.58644806886397,59.12405142145202,26.63622753051611,nan
0.20387359836901117,24.0,4.994903160040773,58.715596330275226,26.54406065324789,nan
0.2208630648997621,23.916666666666668,5.401942462340014,58.308557027975986,26.451893775979666,nan
0.23785253143051305,23.833333333333332,5.807565975761693,57.9029335145543,26.359726898711443,nan
0.25484199796126394,23.75,6.211773700305809,57.49872579001019,26.267560021443224,nan
0.2718314644920149,23.666666666666668,6.614565635972363,57.09593385434365,26.175393144175,nan
0.28882093102276585,23.583333333333332,7.015941782761354,56.694557707554644,26.083226266906777,nan
0.30581039755351674,23.5,7.415902140672781,56.29459734964322,25.991059389638558,nan
0.3227998640842677,23.416666666666668,7.8144467097066475,55.89605278060936,25.898892512370335,nan
0.3397893306150186,23.333333333333332,8.21157548986295,55.49892400045304,25.80672563510211,nan
0.35677879714576954,23.25,8.60728848114169,55.10321100917431,25.714558757833892,nan
0.3737682636765205,23.166666666666668,9.001585683542869,54.70891380677313,25.622391880565672,nan
0.3907577302072714,23.083333333333332,9.394467097066483,54.31603239324951,25.530225003297446,nan
0.40774719673802234,23.0,9.785932721712536,53.92456676860346,25.438058126029226,nan
0.4247366632687733,22.916666666666668,10.175982557481026,53.53451693283498,25.345891248761006,nan
0.4417261297995242,22.833333333333336,10.564616604371954,53.145882885944054,25.253724371492783,nan
0.45871559633027514,22.75,10.95183486238532,52.75866462793068,25.16155749422456,nan
0.4757050628610261,22.666666666666668,11.33763733152112,52.37286215879488,25.06939061695634,nan
0.492694529391777,22.583333333333336,11.72202401177936,51.98847547853665,24.97722373968812,nan
0.5096839959225279,22.5,12.104994903160037,51.60550458715596,24.885056862419894,nan
0.5266734624532788,22.416666666666668,12.486550005663153,51.223949484652856,24.792889985151675,nan
0.5436629289840298,22.333333333333336,12.866689319288707,50.84381017102731,24.700723107883455,nan
0.5606523955147807,22.25,13.245412844036695,50.4650866462793,24.60855623061523,nan
0.5776418620455317,22.166666666666668,13.622720579907122,50.08777891040888,24.51638935334701,nan
0.5946313285762825,22.083333333333336,13.998612526899985,49.71188696341602,24.42422247607879,nan
0.6116207951070335,22.0,14.373088685015288,49.33741080530071,24.332055598810562,nan
0.6286102616377844,21.916666666666668,14.746149054253028,48.96435043606298,24.239888721542343,nan
0.6455997281685354,21.833333333333336,15.117793634613205,48.59270585570281,24.147721844274123,nan
0.6625891946992863,21.75,15.488022426095817,48.22247706422018,24.055554967005897,nan
0.6795786612300372,21.666666666666668,15.856835428700869,47.853664061615135,23.963388089737677,nan
0.6965681277607881,21.583333333333336,16.224232642428355,47.48626684788765,23.871221212469457,nan
0.7135575942915391,21.5,16.590214067278282,47.120285423037714,23.779054335201234,nan
0.73054706082229,21.416666666666668,16.954779703250647,46.75571978706535,23.68688745793301,nan
0.747536527353041,21.333333333333336,17.31792955034545,46.39256993997056,23.59472058066479,nan
0.7645259938837919,21.25,17.67966360856269,46.03083588175331,23.50255370339657,nan
0.7815154604145428,21.166666666666668,18.039981877902363,45.67051761241364,23.410386826128345,nan
0.7985049269452937,21.083333333333336,18.398884358364477,45.311615131951534,23.318219948860126,nan
0.8154943934760447,21.0,18.756371049949028,44.95412844036697,23.226053071591902,nan
0.8324838600067956,20.916666666666668,19.112441952656017,44.59805753765999,23.133886194323683,nan
0.8494733265375466,20.833333333333336,19.467097066485444,44.24340242383057,23.04171931705546,nan
0.8664627930682974,20.75,19.820336391437305,43.890163098878695,22.949552439787237,nan
0.8834522595990484,20.666666666666668,20.172159927511604,43.538339562804396,22.857385562519017,nan
0.9004417261297993,20.583333333333336,20.522567674708345,43.18793181560766,22.765218685250794,nan
0.9174311926605503,20.5,20.87155963302752,42.83893985728848,22.67305180798257,nan
0.9344206591913012,20.416666666666668,21.219135802469133,42.49136368784687,22.58088493071435,nan
0.9514101257220522,20.333333333333336,21.565296183033183,42.14520330728282,22.48871805344613,nan
0.968399592252803,20.25,21.91004077471967,41.80045871559633,22.396551176177905,nan
0.985389058783554,20.166666666666668,22.253369577528595,41.45712991278741,22.304384298909685,nan
1.002378525314305,20.083333333333336,22.595282591459956,41.115216898856055,22.212217421641466,nan
1.0193679918450558,20.0,22.935779816513755,40.77471967380224,22.12005054437324,nan
1.0363574583758068,19.916666666666668,23.274861252689995,40.43563823762601,22.02788366710502,nan
1.0533469249065577,19.833333333333336,23.61252689998867,40.09797259032734,21.9357167898368,nan
1.0703363914373087,19.75,23.948776758409785,39.76172273190622,21.843549912568573,nan
1.0873258579680596,19.666666666666668,24.283610827953332,39.42688866236267,21.751383035300353,nan
1.1043153244988104,19.583333333333336,24.617029108619317,39.09347038169668,21.659216158032134,nan
1.1213047910295615,19.5,24.949031600407743,38.76146788990825,21.567049280763907,nan
1.1382942575603123,19.416666666666668,25.279618303318603,38.430881186997404,21.474882403495688,nan
1.1552837240910634,19.333333333333336,25.608789217351905,38.101710272964105,21.382715526227468,nan
1.1722731906218142,19.25,25.93654434250764,37.77395514780836,21.290548648959245,nan
1.189262657152565,19.166666666666668,26.262883678785812,37.447615811530184,21.19838177169102,nan
1.2062521236833161,19.083333333333336,26.587807226186428,37.12269226412958,21.106214894422802,nan
1.223241590214067,19.0,26.911314984709474,36.79918450560652,21.01404801715458,nan
1.240231056744818,18.916666666666668,27.23340695435496,36.47709253596104,20.921881139886356,nan
1.2572205232755689,18.833333333333336,27.554083135122887,36.156416355193116,20.829714262618136,nan
1.2742099898063197,18.75,27.873343527013247,35.83715596330275,20.737547385349913,nan
1.2911994563370708,18.666666666666668,28.19118813002605,35.51931136028996,20.645380508081693,nan
1.3081889228678216,18.583333333333336,28.507616944161278,35.202882546154726,20.55321363081347,nan
1.3251783893985727,18.5,28.822629969418955,34.88786952089704,20.461046753545247,nan
1.3421678559293235,18.416666666666668,29.136227205799067,34.57427228451694,20.368879876277028,nan
1.3591573224600744,18.333333333333336,29.448408653301616,34.26209083701439,20.276712999008804,nan
1.3761467889908254,18.25,29.7591743119266,33.951325178389396,20.18454612174058,nan
1.3931362555215763,18.166666666666668,30.06852418167402,33.64197530864198,20.09237924447236,nan
1.4101257220523273,18.083333333333336,30.37645826254389,33.33404122777212,20.00021236720414,nan
1.4271151885830782,18.0,30.68297655453618,33.027522935779814,19.908045489935915,nan
1.4441046551138292,17.916666666666668,30.98807905765092,32.72242043266509,19.815878612667696,nan
1.46109412164458,17.833333333333336,31.29176577188809,32.418733718427916,19.723711735399476,nan
1.478083588175331,17.75,31.594036697247702,32.116462793068294,19.63154485813125,nan
1.495073054706082,17.666666666666668,31.89489183372975,31.815607656586252,19.53937798086303,nan
1.5120625212368328,17.583333333333336,32.19433118133423,31.516168308981772,19.44721110359481,nan
1.5290519877675839,17.5,32.49235474006116,31.21814475025484,19.355044226326584,nan
1.5460414542983347,17.416666666666668,32.78896250991051,30.921536980405484,19.262877349058364,nan
1.5630309208290856,17.333333333333336,33.08415449088231,30.62634499943369,19.170710471790144,nan
1.5800203873598366,17.25,33.37793068297655,30.33256880733945,19.078543594521918,nan
1.5970098538905875,17.166666666666668,33.670291086193224,30.040208404122776,18.986376717253698,nan
1.6139993204213385,17.083333333333336,33.961235700532335,29.749263789783676,18.89420983998548,nan
1.6309887869520894,17.0,34.25076452599387,29.45973496432212,18.802042962717255,nan
1.6479782534828402,16.916666666666668,34.53887756257786,29.171621927738137,18.709876085449032,nan
1.6649677200135913,16.833333333333336,34.82557481028428,28.88492468003172,18.617709208180813,nan
1.6819571865443421,16.75,35.11085626911314,28.599643221202854,18.52554233091259,nan
1.6989466530750932,16.666666666666668,35.39472193906444,28.31577755125156,18.433375453644366,nan
1.715936119605844,16.583333333333336,35.67717182013818,28.03332767017783,18.341208576376147,nan
1.7329255861365949,16.5,35.95820591233434,27.75229357798165,18.249041699107924,nan
1.749915052667346,16.416666666666668,36.237824215652964,27.472675274663043,18.156874821839704,nan
1.7669045191980968,16.333333333333336,36.516026730094,27.194472760222,18.06470794457148,nan
1.7838939857288478,16.25,36.79281345565749,26.91768603465851,17.972541067303258,nan
1.8008834522595987,16.166666666666668,37.06818439234341,26.642315097972592,17.880374190035038,nan
1.8178729187903495,16.083333333333336,37.34213954015176,26.36835995016424,17.788207312766815,nan
1.8348623853211006,16.0,37.61467889908256,26.095820591233434,17.696040435498592,nan
1.8518518518518514,15.916666666666668,37.8858024691358,25.824697021180206,17.603873558230372,nan
1.8688413183826025,15.833333333333334,38.15551025031147,25.55498924000453,17.51170668096215,nan
1.8858307849133533,15.750000000000002,38.423802242609575,25.286697247706428,17.41953980369393,nan
1.9028202514441044,15.666666666666668,38.69067844603012,25.01982104428588,17.327372926425706,nan
1.9198097179748552,15.583333333333334,38.956138860573105,24.754360629742894,17.235206049157483,nan
1.936799184505606,15.500000000000002,39.220183486238525,24.490316004077478,17.143039171889264,nan
1.9537886510363571,15.416666666666668,39.48281232302639,24.227687167289616,17.05087229462104,nan
1.970778117567108,15.333333333333336,39.744025370936676,23.966474119379324,16.95870541735282,nan
1.987767584097859,15.250000000000002,40.00382262996942,23.70667686034659,16.866538540084598,nan
2.00475705062861,15.166666666666668,40.26220410012458,23.448295390191415,16.774371662816375,nan
2.021746517159361,15.083333333333334,40.51916978140219,23.191329708913806,16.68220478554815,nan
2.0387359836901116,15.000000000000002,40.77471967380223,22.935779816513765,16.590037908279932,nan
2.0557254502208626,14.916666666666668,41.02885377732472,22.681645712991283,16.49787103101171,nan
2.0727149167516137,14.833333333333334,41.28157209196964,22.42892739834636,16.405704153743486,nan
2.0897043832823643,14.750000000000002,41.532874617736994,22.177624872579006,16.313537276475266,nan
2.1066938498131154,14.666666666666668,41.782761354626786,21.927738135689207,16.221370399207043,nan
2.1236833163438664,14.583333333333334,42.031232302639026,21.679267187676974,16.12920352193882,nan
2.1406727828746175,14.5,42.2782874617737,21.432212028542303,16.0370366446706,nan
2.157662249405368,14.41666666666667,42.523926832030796,21.186572658285204,15.94486976740238,nan
2.174651715936119,14.333333333333336,42.768150413410346,20.942349076905657,15.852702890134157,nan
2.1916411824668702,14.250000000000002,43.01095820591233,20.699541284403676,15.760536012865936,nan
2.208630648997621,14.16666666666667,43.25235020953674,20.45814928077926,15.668369135597715,nan
2.225620115528372,14.083333333333336,43.492326424283604,20.2181730660324,15.576202258329491,nan
2.242609582059123,14.000000000000002,43.7308868501529,19.979612640163104,15.48403538106127,nan
2.259599048589874,13.916666666666668,43.968031487144636,19.742468003171368,15.391868503793047,nan
2.2765885151206247,13.833333333333336,44.20376033525879,19.506739155057204,15.299701626524827,nan
2.2935779816513757,13.750000000000002,44.438073394495405,19.272426095820595,15.207534749256604,nan
2.310567448182127,13.666666666666668,44.67097066485445,19.03952882546155,15.115367871988381,nan
2.3275569147128774,13.583333333333336,44.90245214633593,18.80804734398007,15.023200994720161,nan
2.3445463812436285,13.500000000000002,45.13251783893985,18.577981651376152,14.931034117451938,nan
2.3615358477743795,13.416666666666668,45.361167742666204,18.349331747649792,14.838867240183717,nan
2.37852531430513,13.333333333333336,45.588401857514995,18.122097632801,14.746700362915496,nan
2.395514780835881,13.250000000000002,45.81422018348623,17.896279306829772,14.654533485647274,nan
2.4125042473666323,13.166666666666668,46.0386227205799,17.671876769736098,14.562366608379051,nan
2.4294937138973833,13.083333333333334,46.26160946879601,17.44889002151999,14.470199731110828,nan
2.446483180428134,13.000000000000002,46.483180428134546,17.22731906218145,14.378032853842608,nan
2.463472646958885,12.916666666666668,46.70333559859553,17.007163891720467,14.285865976574385,nan
2.480462113489636,12.833333333333334,46.92207498017895,16.788424510137048,14.193699099306162,nan
2.4974515800203867,12.750000000000002,47.1393985728848,16.5711009174312,14.101532222037942,nan
2.5144410465511378,12.666666666666668,47.3553063767131,16.3551931136029,14.00936534476972,nan
2.531430513081889,12.583333333333334,47.56979839166383,16.14070109865217,13.917198467501498,nan
2.5484199796126394,12.500000000000004,47.782874617736994,15.92762487257901,13.825031590233278,nan
2.5654094461433905,12.41666666666667,47.9945350549326,15.715964435383402,13.732864712965057,nan
2.5823989126741416,12.333333333333336,48.20477970325065,15.505719787065358,13.640697835696834,nan
2.5993883792048926,12.250000000000002,48.41360856269113,15.296890927624878,13.54853095842861,nan
2.6163778457356432,12.16666666666667,48.62102163325404,15.089477857061961,13.456364081160391,nan
2.6333673122663943,12.083333333333336,48.827018914939394,14.883480575376606,13.364197203892168,nan
2.6503567787971454,12.000000000000002,49.031600407747185,14.678899082568812,13.272030326623947,nan
2.667346245327896,11.91666666666667,49.234766111677416,14.475733378638584,13.179863449355725,nan
2.684335711858647,11.833333333333336,49.43651602673009,14.273983463585914,13.087696572087502,nan
2.701325178389398,11.750000000000002,49.63685015290519,14.073649337410808,12.99552969481928,nan
2.7183146449201487,11.66666666666667,49.83576849020274,13.874731000113268,12.90336281755106,nan
2.7353041114509,11.583333333333336,50.033271038622715,13.677228451693288,12.811195940282838,nan
2.752293577981651,11.500000000000002,50.22935779816513,13.481141692150869,12.719029063014615,nan
2.769283044512402,11.416666666666668,50.424028768829984,13.286470721486014,12.626862185746392,nan
2.7862725110431525,11.333333333333336,50.61728395061727,13.093215539698724,12.534695308478172,nan
2.8032619775739036,11.250000000000002,50.809123343527,12.901376146788994,12.442528431209949,nan
2.8202514441046547,11.166666666666668,50.99954694755918,12.710952542756827,12.350361553941728,nan
2.8372409106354053,11.083333333333336,51.18855476271378,12.521944727602225,12.258194676673506,nan
2.8542303771661564,11.000000000000002,51.37614678899081,12.334352701325182,12.166027799405283,nan
2.8712198436969074,10.916666666666668,51.562323026390295,12.148176463925703,12.073860922137062,nan
2.8882093102276585,10.833333333333334,51.747083474912216,11.963416015403784,11.981694044868838,nan
2.905198776758409,10.750000000000002,51.930428134556564,11.780071355759432,11.889527167600619,nan
2.92218824328916,10.666666666666668,52.11235700532336,11.59814248499264,11.797360290332396,nan
2.939177709819911,10.583333333333334,52.292870087212584,11.41762940310341,11.705193413064173,nan
2.956167176350662,10.500000000000004,52.47196738022426,11.23853211009175,11.613026535795955,nan
2.973156642881413,10.41666666666667,52.64964888435836,11.060850605957645,11.520859658527732,nan
2.990146109412164,10.333333333333336,52.825914599614904,10.884584890701102,11.42869278125951,nan
3.0071355759429146,10.250000000000004,53.00076452599387,10.709734964322127,11.336525903991289,nan
3.0241250424736656,10.16666666666667,53.17419866349529,10.53630082682071,11.244359026723068,nan
3.0411145090044167,10.083333333333336,53.346217012119155,10.364282478196856,11.152192149454844,nan
3.0581039755351678,10.000000000000002,53.51681957186544,10.193679918450565,11.060025272186621,nan
3.0750934420659184,9.91666666666667,53.68600634273416,10.024493147581838,10.967858394918402,nan
3.0920829085966695,9.833333333333336,53.85377732472533,9.856722165590671,10.875691517650178,nan
3.1090723751274205,9.750000000000002,54.02013251783893,9.690366972477067,10.783524640381957,nan
3.126061841658171,9.66666666666667,54.18507192207497,9.52542756824103,10.691357763113736,nan
3.143051308188922,9.583333333333336,54.348595537433454,9.361903952882551,10.599190885845513,nan
3.1600407747196733,9.500000000000002,54.51070336391437,9.199796126401633,10.507024008577291,nan
3.177030241250424,9.41666666666667,54.671395401517714,9.039104088798284,10.41485713130907,nan
3.194019707781175,9.333333333333336,54.83067165024352,8.879827840072492,10.322690254040849,nan
3.211009174311926,9.250000000000002,54.98853211009174,8.721967380224264,10.230523376772625,nan
3.227998640842677,9.166666666666668,55.144976781062404,8.565522709253598,10.138356499504402,nan
3.2449881073734277,9.083333333333336,55.3000056631555,8.410493827160497,10.046189622236183,nan
3.2619775739041788,9.000000000000002,55.453618756371036,8.256880733944957,9.95402274496796,nan
3.27896704043493,8.916666666666668,55.605816060709024,8.104683429606979,9.861855867699738,nan
3.2959565069656804,8.833333333333336,55.75659757616943,7.953901914146566,9.769688990431517,nan
3.3129459734964315,8.750000000000004,55.90596330275228,7.804536187563716,9.677522113163297,nan
3.3299354400271826,8.666666666666668,56.053913240457575,7.656586249858423,9.585355235895072,nan
3.3469249065579336,8.583333333333336,56.2004473892853,7.510052101030698,9.49318835862685,nan
3.3639143730886842,8.500000000000004,56.34556574923547,7.364933741080535,9.401021481358631,nan
3.3809038396194353,8.416666666666668,56.48926832030807,7.22123117000793,9.308854604090406,nan
3.3978933061501864,8.333333333333336,56.63155510250311,7.078944387812893,9.216687726822187,nan
3.414882772680937,8.250000000000004,56.77242609582059,6.938073394495419,9.124520849553965,nan
3.431872239211688,8.166666666666668,56.911881300260504,6.7986181900555,9.03235397228574,nan
3.448861705742439,8.083333333333336,57.04992071582285,6.660578774493151,8.94018709501752,nan
3.4658511722731897,8.000000000000004,57.18654434250763,6.523955147808365,8.8480202177493,nan
3.482840638803941,7.916666666666668,57.32175218031486,6.3887473100011345,8.755853340481075,nan
3.499830105334692,7.833333333333336,57.45554422924454,6.254955261071473,8.663686463212855,nan
3.516819571865443,7.75,57.587920489296636,6.122579001019368,8.57151958594463,nan
3.5338090383961935,7.666666666666671,57.71888096047117,5.991618529844836,8.479352708676414,nan
3.5507985049269446,7.583333333333336,57.84842564276814,5.862073847547856,8.387185831408189,nan
3.5677879714576957,7.5000000000000036,57.97655453618755,5.733944954128446,8.29501895413997,nan
3.5847774379884463,7.416666666666671,58.10326764072941,5.607231849586596,8.202852076871748,nan
3.6017669045191973,7.333333333333336,58.2285649563937,5.481934533922305,8.110685199603523,nan
3.6187563710499484,7.2500000000000036,58.35244648318042,5.358053007135581,8.018518322335304,nan
3.635745837580699,7.166666666666671,58.47491222108958,5.23558726922642,7.926351445067083,nan
3.65273530411145,7.083333333333336,58.59596217012119,5.114537320194816,7.834184567798858,nan
3.669724770642201,7.0000000000000036,58.715596330275226,4.99490316004078,7.742017690530638,nan
3.686714237172952,6.916666666666668,58.8338147015517,4.876684788764301,7.649850813262414,nan
3.703703703703703,6.833333333333336,58.950617283950606,4.75988220636539,7.557683935994193,nan
3.720693170234454,6.7500000000000036,59.06600407747195,4.644495412844042,7.465517058725973,nan
3.737682636765205,6.666666666666668,59.17997508211575,4.53052440820025,7.373350181457748,nan
3.7546721032959556,6.583333333333336,59.292530297881974,4.417969192434027,7.281183304189527,nan
3.7716615698267066,6.5000000000000036,59.40366972477064,4.306829765545367,7.189016426921307,nan
3.7886510363574577,6.416666666666668,59.513393362781734,4.197106127534264,7.096849549653083,nan
3.8056405028882088,6.333333333333336,59.621701211915266,4.088798278400728,7.004682672384862,nan
3.8226299694189594,6.2500000000000036,59.728593272171246,3.981906218144754,6.912515795116641,nan
3.8396194359497104,6.166666666666668,59.83406954354966,3.8764299467663395,6.820348917848417,nan
3.8566089024804615,6.083333333333336,59.93813002605051,3.7723694642654912,6.728182040580196,nan
3.873598369011212,6.0000000000000036,60.04077471967379,3.669724770642206,6.636015163311976,nan
3.890587835541963,5.916666666666668,60.14200362441952,3.5684958658964785,6.543848286043751,nan
3.9075773020727143,5.833333333333336,60.24181674028769,3.4686827500283184,6.4516814087755305,nan
3.924566768603465,5.7500000000000036,60.340214067278275,3.370285423037721,6.35951453150731,nan
3.941556235134216,5.666666666666671,60.43719560539131,3.2733038849246854,6.26734765423909,nan
3.958545701664967,5.583333333333336,60.5327613546268,3.177738135689209,6.1751807769708655,nan
3.975535168195718,5.5000000000000036,60.62691131498471,3.0835881753312986,6.083013899702645,nan
3.9925246347264687,5.416666666666671,60.719645486465055,2.990854003850951,5.990847022434425,nan
4.00951410125722,5.333333333333336,60.810963869067834,2.899535621248162,5.8986801451662,nan
4.02650356778797,5.2500000000000036,60.90086646279307,2.8096330275229398,5.806513267897979,nan
4.043493034318722,5.166666666666668,60.989353267640716,2.7211462226752756,5.714346390629755,nan
4.0604825008494725,5.083333333333336,61.07642428361083,2.6340752067051785,5.622179513361535,nan
4.077471967380223,5.0000000000000036,61.16207951070336,2.5484199796126434,5.530012636093314,nan
4.094461433910975,4.916666666666668,61.24631894891833,2.464180541397668,5.437845758825089,nan
4.111450900441725,4.833333333333336,61.32914259825574,2.3813568920602584,5.345678881556869,nan
4.128440366972476,4.7500000000000036,61.41055045871558,2.2999490316004114,5.253512004288648,nan
4.145429833503227,4.666666666666668,61.49054253029788,2.219956960018123,5.161345127020424,nan
4.162419300033978,4.583333333333336,61.569118813002596,2.141380677313401,5.069178249752204,nan
4.179408766564729,4.5000000000000036,61.64627930682976,2.0642201834862415,4.977011372483983,nan
4.19639823309548,4.416666666666668,61.72202401177937,1.9884754785366414,4.884844495215758,nan
4.213387699626231,4.333333333333336,61.79635292785139,1.9141465624646075,4.792677617947538,nan
4.230377166156982,4.25,61.86926605504588,1.8412334352701325,4.700510740679314,nan
4.247366632687733,4.166666666666668,61.94076339336277,1.7697360969532232,4.608343863411093,nan
4.2643560992184835,4.083333333333339,62.01084494280212,1.6996545475138796,4.516176986142876,nan
4.281345565749235,4.0,62.079510703363916,1.6309887869520896,4.424010108874648,nan
4.298335032279986,3.916666666666668,62.146760675048135,1.5637388152678682,4.3318432316064275,nan
4.315324498810736,3.8333333333333393,62.21259485785478,1.4979046324612117,4.2396763543382106,nan
4.332313965341488,3.75,62.277013251783885,1.43348623853211,4.147509477069982,nan
4.349303431872238,3.6666666666666714,62.34001585683543,1.3704836334805788,4.055342599801766,nan
4.366292898402989,3.5833333333333393,62.40160267300939,1.3088968173066073,3.9631757225335456,nan
4.3832823649337405,3.5000000000000036,62.461773700305805,1.2487257900101962,3.871008845265321,nan
4.400271831464491,3.4166666666666714,62.520528938724645,1.18997055159135,3.7788419679971006,nan
4.417261297995242,3.3333333333333393,62.57786838826594,1.1326311020500661,3.6866750907288797,nan
4.434250764525993,3.2500000000000036,62.633792048929664,1.0767074413863427,3.594508213460655,nan
4.451240231056744,3.1666666666666714,62.688299920715814,1.0221995696001842,3.5023413361924347,nan
4.468229697587494,3.0833333333333393,62.741392003624405,0.9691074866915882,3.4101744589242142,nan
4.485219164118246,3.0000000000000036,62.793068297655445,0.9174311926605526,3.3180075816559897,nan
4.502208630648997,2.9166666666666714,62.84332880280893,0.8671706875070816,3.2258407043877693,nan
4.519198097179748,2.8333333333333357,62.892173519084835,0.8183259712311713,3.133673827119545,nan
4.536187563710499,2.7500000000000036,62.93960244648317,0.7708970438328256,3.0415069498513243,nan
4.553177030241249,2.6666666666666714,62.985615585003956,0.7248839053120424,2.949340072583104,nan
4.570166496772001,2.5833333333333357,63.030212934647174,0.6802865556688199,2.8571731953148793,nan
4.587155963302751,2.5000000000000036,63.07339449541284,0.6371049949031619,2.765006318046659,nan
4.604145429833502,2.4166666666666714,63.115160267300936,0.5953392230150663,2.6728394407784384,nan
4.621134896364254,2.3333333333333357,63.155510250311465,0.5549892400045316,2.580672563510214,nan
4.638124362895004,2.2500000000000036,63.194444444444436,0.5160550458715613,2.4885056862419934,nan
4.655113829425755,2.1666666666666714,63.231962849699855,0.4785366406161534,2.396338808973773,nan
4.672103295956506,2.0833333333333357,63.268065466077694,0.4424340242383065,2.3041719317055485,nan
4.689092762487257,2.0000000000000036,63.302752293577974,0.40774719673802384,2.212005054437328,nan
4.7060822290180075,1.9166666666666714,63.33602333220069,0.3744761581153037,2.1198381771691075,nan
4.723071695548759,1.8333333333333357,63.36787858194585,0.3426209083701447,2.027671299900883,nan
4.74006116207951,1.7500000000000036,63.39831804281346,0.31218144750254967,1.9355044226326623,nan
4.75705062861026,1.6666666666666714,63.427341714803475,0.2831577755125172,1.8433375453644418,nan
4.774040095141012,1.5833333333333357,63.454949597915956,0.25554989240004605,1.7511706680962174,nan
4.791029561671762,1.5000000000000036,63.48114169215085,0.22935779816513868,1.6590037908279969,nan
4.808019028202513,1.4166666666666714,63.505917997508206,0.20458149280779386,1.5668369135597764,nan
4.8250084947332645,1.3333333333333357,63.529278513988,0.1812209763280106,1.474670036291552,nan
4.841997961264015,1.2500000000000036,63.5512232415902,0.1592762487257909,1.3825031590233314,nan
4.858987427794767,1.1666666666666679,63.57175218031486,0.1387473100011329,1.290336281755107,nan
4.875976894325517,1.0833333333333357,63.590865330161954,0.11963416015403835,1.1981694044868865,nan
4.892966360856268,1.0000000000000036,63.608562691131496,0.10193679918450632,1.106002527218666,nan
4.909955827387019,0.9166666666666679,63.624844263223466,0.08565522709253617,1.0138356499504415,nan
4.92694529391777,0.8333333333333357,63.63971004643787,0.0707894438781293,0.9216687726822209,nan
4.943934760448521,0.7500000000000036,63.65316004077471,0.05733944954128494,0.8295018954140004,nan
4.960924226979272,0.6666666666666679,63.665194246233995,0.04530524408200265,0.737335018145776,nan
4.977913693510023,0.5833333333333357,63.67581266281572,0.03468682750028344,0.6451681408775555,nan
4.994903160040773,0.5000000000000036,63.68501529051987,0.02548419979612676,0.5530012636093349,nan
5.011892626571525,0.41666666666666785,63.69280212934646,0.017697360969532325,0.46083438634111046,nan
5.0288820931022755,0.3333333333333357,63.69917317929551,0.011326311020500784,0.36866750907289,nan
5.045871559633026,0.2500000000000071,63.70412844036697,0.0063710499490319625,0.2765006318046734,nan
5.062861026163778,0.16666666666666785,63.70766791256088,0.002831577755125196,0.184333754536445,nan
5.079850492694528,0.08333333333333925,63.70979159587721,0.0007078944387813895,0.09216687726822838,nan
5.09683995922528,0.0,63.710499490315996,0.0,0.0,nan
