t_s,position_m,speed_mps,accel_mps2,jerk_mps3,lead_position_m,gap_m,required_gap_m,margin_m
0.0,0.0,25.0,0.0,-3.8399999999999945,50.0,50.0,47.5,2.5
0.01,0.249999361518944,24.999808607471998,-0.03821781119999995,-3.8035833599999944,50.2,49.95000063848106,47.49971291120799,2.4502877272730643
0.02,0.499994904286208,24.999236855552,-0.07607208959999989,-3.7672934399999947,50.4,49.90000509571379,47.498855283328,2.401149812385789
0.03,0.749982842863392,24.998288373232,-0.11356410239999985,-3.7311302399999944,50.6,49.85001715713661,47.497432559848,2.3525845972886117
0.04,0.999959428038656,24.996966776832,-0.15069511679999978,-3.695093759999995,50.8,49.80004057196134,47.495450165248,2.304590406713338
0.05,1.2499209467,24.99527567,-0.18746639999999976,-3.659183999999995,51.0,49.7500790533,47.492913505000004,2.2571655482999944
0.06,1.499863721708544,24.993218643712,-0.22387921919999967,-3.623400959999995,51.2,49.70013627829146,47.489827965568004,2.2103083127234555
0.07,1.7497841117718083,24.990799276272,-0.2599348415999997,-3.587744639999995,51.4,49.65021588822819,47.486198914408,2.164016973820189
0.08,1.999678511316992,24.988021133312,-0.2956345343999996,-3.552215039999995,51.6,49.60032148868301,47.482031699968,2.1182897887150105
0.09,2.249543350364256,24.984887767792,-0.3309795647999995,-3.516812159999995,51.8,49.55045664963574,47.477331651688,2.073124997947744
0.1,2.4993750944000004,24.98140272,-0.36597119999999955,-3.481535999999995,52.0,49.5006249056,47.472104079999994,2.0285208256000047
0.11,2.749170244250144,24.977569517552002,-0.4006107071999994,-3.446386559999995,52.2,49.45082975574986,47.466354276328005,1.984475479421853
0.12,2.998925335953408,24.973391675392,-0.4348993535999994,-3.4113638399999955,52.4,49.40107466404659,47.460087513088,1.9409871509585912
0.13,3.2486369406345923,24.968872695792,-0.4688384063999994,-3.3764678399999952,52.6,49.35136305936541,47.453309043688,1.8980540156774097
0.14,3.498301664377857,24.964016068352002,-0.5024291327999993,-3.3416985599999953,52.8,49.30169833562214,47.446024102528,1.8556742330941418
0.15,3.7479161481,24.95882527,-0.5356727999999993,-3.3070559999999953,53.0,49.2520838519,47.438237904999994,1.8138459469000026
0.16,3.997477067423744,24.953303764992,-0.5685706751999992,-3.2725401599999953,53.2,49.20252293257626,47.429955647488,1.7725672850882574
0.17,4.246981132551008,24.947455004912,-0.6011240255999991,-3.238151039999995,53.4,49.15301886744899,47.421182507368,1.7318363600809903
0.18,4.496425088136192,24.941282428672,-0.6333341183999991,-3.2038886399999957,53.6,49.10357491186381,47.411923643008,1.6916512688558072
0.19,4.745805713159456,24.934789462512,-0.665202220799999,-3.169752959999996,53.8,49.05419428684054,47.402184193768,1.6520100930725405
0.2,4.9951198208,24.92797952,-0.6967295999999991,-3.1357439999999954,54.0,49.0048801792,47.39196928,1.6129108992000027
0.21,5.244364258309344,24.920856002032,-0.7279175231999989,-3.101861759999996,54.2,48.95563574169066,47.381284003048,1.5743517386426547
0.22,5.493535906884608,24.913422296832,-0.7587672575999989,-3.068106239999996,54.4,48.90646409311539,47.370133445248,1.5363306478673877
0.23,5.742631681541792,24.905681779951998,-0.7892800703999988,-3.034477439999996,54.6,48.85736831845821,47.35852266992799,1.4988456485302137
0.24,5.991648530989056,24.897637814272,-0.8194572287999989,-3.000975359999996,54.8,48.808351469010944,47.346456721407996,1.4618947476029476
0.25,6.2405834375,24.88929375,-0.849299999999999,-2.967599999999996,55.0,48.7594165625,47.333940625,1.4254759375000035
0.26,6.4894334167869445,24.880652924672,-0.8788096511999989,-2.934351359999996,55.2,48.71056658321306,47.320979387007995,1.3895871962050634
0.27,6.738195517874209,24.871718663152002,-0.9079874495999988,-2.901229439999996,55.4,48.66180448212579,47.30757799472801,1.3542264873977814
0.28,6.986866822971393,24.862494277632003,-0.9368346623999989,-2.868234239999996,55.6,48.61313317702861,47.293741416448,1.3193917605806078
0.29,7.235444447346656,24.852983067632,-0.9653525567999987,-2.835365759999996,55.8,48.56455555265334,47.279474601448,1.2850809512053374
0.3,7.4839255392,24.843188320000003,-0.9935423999999986,-2.8026239999999962,56.0,48.5160744608,47.26478248000001,1.2512919807999907
0.31,7.732307279536545,24.833113308912,-1.0214054591999986,-2.7700089599999966,56.2,48.46769272046346,47.249669963368,1.2180227570954614
0.32,7.980586882039808,24.822761295872002,-1.0489430015999985,-2.737520639999996,56.4,48.41941311796019,47.234141943808005,1.1852711741521844
0.33,8.228761592944991,24.812135529712002,-1.0761562943999985,-2.7051590399999963,56.6,48.37123840705501,47.218203294568,1.1530351124870108
0.34,8.476828690912257,24.801239246592,-1.1030466047999985,-2.6729241599999964,56.8,48.32317130908774,47.201858869888,1.121312439199741
0.35000000000000003,8.724785486900002,24.79007567,-1.1296151999999984,-2.640815999999996,57.0,48.275214513099996,47.185113505000004,1.0901010080999924
0.36,8.972629324038143,24.778648010752,-1.1558633471999984,-2.6088345599999965,57.2,48.22737067596186,47.167972016128004,1.0593986598338532
0.37,9.220357577501408,24.766959466992,-1.1817923135999984,-2.5769798399999964,57.4,48.17964242249859,47.150439200487995,1.0292032220105938
0.38,9.467967654382592,24.755013224192002,-1.2074033663999983,-2.545251839999996,57.6,48.13203234561741,47.132519836288004,0.9995125093294064
0.39,9.715456993565857,24.742812455152,-1.2326977727999984,-2.5136505599999963,57.8,48.08454300643414,47.114218682727994,0.9703243237061443
0.4,9.9628230656,24.73036032,-1.2576767999999983,-2.482175999999997,58.0,48.0371769344,47.09554048,0.9416364544000047
0.41000000000000003,10.210063372571746,24.717659966192,-1.2823417151999983,-2.4508281599999964,58.2,47.98993662742826,47.076489949287996,0.9134466781402608
0.42,10.457175447979006,24.704714528512,-1.306693785599998,-2.419607039999997,58.4,47.942824552020994,47.057071792768,0.8857527592529948
0.43,10.704156856604191,24.691527129072,-1.3307342783999982,-2.3885126399999974,58.6,47.89584314339581,47.037290693608,0.8585524497878083
0.44,10.951005194387456,24.678100877311998,-1.3544644607999983,-2.357544959999997,58.8,47.84899480561254,47.01715131596799,0.8318434896445481
0.45,11.1977180883,24.66443887,-1.377885599999998,-2.3267039999999968,59.0,47.8022819117,46.996658305000004,0.8056236066999958
0.46,11.444293196217343,24.650544191232,-1.400998963199998,-2.295989759999997,59.2,47.75570680378266,46.975816286848,0.7798905169346568
0.47000000000000003,11.690728206792608,24.636419912432,-1.4238058175999981,-2.265402239999997,59.4,47.70927179320739,46.954629868648,0.7546419245593938
0.48,11.937020839329792,24.622069092352,-1.446307430399998,-2.234941439999997,59.6,47.66297916067021,46.933103638527996,0.7298755221422155
0.49,12.183168843657057,24.607494777072,-1.4685050687999979,-2.204607359999997,59.8,47.61683115634294,46.911242165608,0.7055889907349382
0.5,12.429170000000001,24.5927,-1.4903999999999982,-2.174399999999997,60.0,47.57083,46.88905,0.6817800000000034
0.51,12.675022118854944,24.577687781872,-1.511993491199998,-2.144319359999997,60.2,47.52497788114506,46.866531672808,0.658446208337061
0.52,12.920723040862208,24.562461130752002,-1.5332868095999979,-2.1143654399999967,60.4,47.47927695913779,46.843691696128005,0.6355852630097871
0.53,13.166270636679394,24.547023042032002,-1.554281222399998,-2.084538239999997,60.6,47.43372936332061,46.820534563048,0.6131948002726091
0.54,13.411662806854658,24.531376498432003,-1.574977996799998,-2.054837759999997,60.8,47.38833719314534,46.79706474764801,0.5912724454973315
0.55,13.656897481700002,24.51552447,-1.595378399999998,-2.0252639999999973,61.0,47.3431025183,46.773286705,0.5698158133000035
0.56,13.901972621164546,24.499469914112,-1.615483699199998,-1.9958169599999973,61.2,47.29802737883546,46.749204871168004,0.5488225076674524
0.5700000000000001,14.14688621470781,24.483215775472,-1.6352951615999982,-1.9664966399999972,61.400000000000006,47.2531137852922,46.724823663208,0.5282901220842007
0.58,14.39163628117299,24.466764986112,-1.6548140543999978,-1.9373030399999975,61.6,47.20836371882701,46.700147479168,0.5082162396590064
0.59,14.636220868660255,24.450120465392,-1.6740416447999977,-1.9082361599999977,61.8,47.163779131339744,46.675180698088,0.48859843325174523
0.6,14.8806380544,24.43328512,-1.6929791999999975,-1.8792959999999976,62.0,47.1193619456,46.649927680000005,0.46943426559999324
0.61,15.124885944626143,24.416261843952,-1.7116279871999975,-1.8504825599999977,62.2,47.07511405537386,46.624392765928,0.450721289445859
0.62,15.368962674449408,24.399053518592,-1.7299892735999975,-1.8217958399999978,62.4,47.03103732555059,46.598580277888004,0.43245704766258797
0.63,15.612866407730593,24.381663012592,-1.7480643263999978,-1.7932358399999977,62.6,46.98713359226941,46.572494518888,0.4146390733814087
0.64,15.856595336953857,24.364093181952,-1.7658544127999973,-1.764802559999998,62.8,46.94340466304614,46.546139772928,0.39726489011813726
0.65,16.1001476831,24.34634687,-1.7833607999999979,-1.7364959999999978,63.0,46.899852316899995,46.519520305,0.3803320118999949
0.66,16.343521695519744,24.328426907392,-1.8005847551999978,-1.708316159999998,63.2,46.85647830448026,46.492640361088,0.3638379433922623
0.67,16.58671565180701,24.310336112112,-1.8175275455999977,-1.6802630399999976,63.4,46.813284348192994,46.465504168168,0.34778018002499067
0.68,16.829727857672193,24.292077289472,-1.8341904383999974,-1.6523366399999977,63.6,46.77027214232781,46.438115934208,0.3321562081198124
0.6900000000000001,17.072556646815457,24.273653232112,-1.8505747007999978,-1.6245369599999981,63.8,46.72744335318454,46.410479848168,0.31696350501653825
0.7000000000000001,17.315200380800004,24.255066720000002,-1.8666815999999977,-1.5968639999999978,64.0,46.68479961919999,46.38260008,0.30219953919998943
0.71,17.557657448925344,24.236320520432002,-1.8825124031999974,-1.5693177599999981,64.2,46.64234255107466,46.354480780648004,0.28786177042665884
0.72,17.799926268100606,24.217417388032,-1.8980683775999971,-1.541898239999998,64.4,46.6000737318994,46.326126082048,0.27394764985140085
0.73,18.042005282717792,24.198360064752002,-1.9133507903999973,-1.5146054399999984,64.6,46.5579947172822,46.29754009712801,0.2604546201541922
0.74,18.283892964525055,24.179151279872002,-1.9283609087999976,-1.4874393599999984,64.8,46.516107035474946,46.268726919808,0.2473801156669424
0.75,18.5255878125,24.15979375,-1.9430999999999974,-1.4603999999999984,65.0,46.4744121875,46.239690624999994,0.2347215625000061
0.76,18.767088352722944,24.140290179072004,-1.9575693311999975,-1.4334873599999987,65.2,46.43291164727706,46.21043526860801,0.22247637866905023
0.77,19.00839313825021,24.120643258352,-1.9717701695999974,-1.4067014399999984,65.4,46.39160686174979,46.180964887528,0.21064197422179376
0.78,19.24950074898739,24.100855666432004,-1.9857037823999975,-1.3800422399999983,65.6,46.35049925101261,46.151283499648,0.1992157513646049
0.79,19.49040979156266,24.080930069232004,-1.9993714367999973,-1.3535097599999986,65.8,46.30959020843734,46.121395103848,0.1881951045893402
0.8,19.731118899200002,24.06086912,-2.0127743999999974,-1.3271039999999985,66.0,46.2688811008,46.091303679999996,0.17757742080000583
0.81,19.971626731592544,24.040675459312002,-2.0259139391999974,-1.3008249599999986,66.2,46.22837326840746,46.061013188968005,0.16736007943945452
0.8200000000000001,20.21193197477581,24.020351715072003,-2.0387913215999975,-1.2746726399999984,66.4,46.1880680252242,46.03052757260801,0.157540452616189
0.8300000000000001,20.45203334100099,23.999900502512002,-2.051407814399997,-1.2486470399999985,66.6,46.147966658999,45.999850753768,0.14811590523100193
0.84,20.691929568608256,23.979324424192,-2.063764684799997,-1.2227481599999988,66.8,46.10807043139174,45.968986636288,0.13908379510373692
0.85,20.9316194219,23.95862607,-2.075863199999997,-1.1969759999999992,67.0,46.068380578100005,45.937939105,0.13044147310000653
0.86,21.171101691014144,23.937808017152,-2.0877046271999973,-1.171330559999999,67.2,46.02889830898586,45.906712025728,0.12218628325786085
0.87,21.410375191797407,23.916872830192002,-2.0992902335999966,-1.145811839999999,67.4,45.9896248082026,45.875309245288,0.11431556291459799
0.88,21.649438765678592,23.895823060992,-2.110621286399997,-1.1204198399999992,67.6,45.9505612343214,45.843734591488,0.10682664283339705
0.89,21.888291279541853,23.874661248752002,-2.1216990527999973,-1.095154559999999,67.8,45.911708720458144,45.811991873128,0.09971684733014285
0.9,22.1269316256,23.85338992,-2.1325247999999974,-1.0700159999999992,68.0,45.8730683744,45.780084880000004,0.09298349439999498
0.91,22.365358721267743,23.832011588592003,-2.143099795199997,-1.045004159999999,68.2,45.83464127873226,45.74801738288801,0.08662389584425512
0.92,22.603571509035007,23.810528755712003,-2.1534253055999972,-1.0201190399999986,68.4,45.796428490965,45.715793133568006,0.0806353573969929
0.93,22.841568956340193,23.788943909872,-2.163502598399997,-0.995360639999999,68.6,45.7584310436598,45.683415864808,0.07501517885179965
0.9400000000000001,23.079350055443456,23.767259526912003,-2.1733329407999973,-0.970728959999999,68.8,45.72064994455654,45.650889290368006,0.06976065418853494
0.9500000000000001,23.316913823300002,23.74547807,-2.182917599999997,-0.9462239999999993,69.0,45.6830861767,45.618217105,0.06486907170000222
0.96,23.554259301433344,23.723601989632,-2.1922578431999975,-0.9218457599999993,69.2,45.645740698566655,45.585402984448,0.06033771411865274
0.97,23.79138555580861,23.701633723632003,-2.201354937599997,-0.8975942399999994,69.4,45.608614444191396,45.55245058544801,0.05616385874338903
0.98,24.02829167670579,23.679575697152,-2.210210150399997,-0.8734694399999994,69.6,45.5717083232942,45.519363545728,0.052344777566204925
0.99,24.26497677859306,23.657430322672003,-2.2188247487999972,-0.8494713599999991,69.8,45.53502322140694,45.486145484008006,0.0488777373989322
1.0,24.501440000000002,23.635200000000005,-2.227199999999997,-0.825599999999999,70.0,45.49856,45.45280000000001,0.045759999999987144
1.01,24.737680503390948,23.612887116272002,-2.2353371711999968,-0.8018553599999991,70.2,45.462319496609055,45.419330674408,0.04298882220105327
1.02,24.97369747503821,23.590494045952003,-2.243237529599997,-0.7782374399999994,70.4,45.4263025249618,45.385741068928006,0.040561456033792354
1.03,25.209490124895396,23.568023150832,-2.250902342399997,-0.754746239999999,70.6,45.3905098751046,45.352034726248,0.038475148856598196
1.04,25.44505768647066,23.545476780032,-2.258332876799997,-0.7313817599999989,70.8,45.354942313529335,45.318215170048,0.0367271434813361
1.05,25.680399416700002,23.522857270000003,-2.2655303999999976,-0.7081439999999993,71.0,45.3196005833,45.284285905000004,0.035314678299997126
1.06,25.915514595820547,23.500166944512003,-2.272496179199997,-0.6850329599999991,71.2,45.284485404179456,45.250250416768004,0.03423498741145181
1.07,26.15040252724381,23.477408114672002,-2.2792314815999974,-0.6620486399999995,71.4,45.24959747275619,45.216112172008,0.03348530074818967
1.08,26.385062537428997,23.454583078912002,-2.285737574399997,-0.6391910399999993,71.6,45.214937462571,45.181874618368,0.03306284420300187
1.09,26.61949397575626,23.431694122992003,-2.292015724799997,-0.6164601599999996,71.8,45.18050602424374,45.147541184488006,0.03296483975573494
1.1,26.853696214400006,23.40874352,-2.298067199999997,-0.5938559999999993,72.0,45.1463037856,45.11311528,0.033188505599994755
1.11,27.08766864820215,23.385733530352002,-2.303893267199997,-0.5713785599999992,72.2,45.11233135179785,45.078600295528005,0.03373105626984341
1.12,27.321410694545413,23.362666401792,-2.3094951935999974,-0.5490278399999993,72.4,45.07858930545459,45.043999602688004,0.03458970276658846
1.1300000000000001,27.554921793226598,23.339544369392,-2.314874246399997,-0.5268038399999996,72.6,45.0450782067734,45.009316554088,0.03576165268539455
1.1400000000000001,27.78820140632986,23.316369655552002,-2.320031692799997,-0.5047065599999996,72.80000000000001,45.01179859367015,44.974554483328006,0.0372441103421437
1.1500000000000001,28.021249018100008,23.29314447,-2.324968799999997,-0.48273599999999894,73.0,44.97875098189999,44.939716705,0.03903427689999006
1.16,28.254064134815742,23.269871009792002,-2.329686835199997,-0.4608921599999999,73.2,44.94593586518426,44.904806514688005,0.04112935049625577
1.17,28.486646284663006,23.246551459312002,-2.334187065599997,-0.43917504000000007,73.4,44.913353715336996,44.869827188968,0.04352652636899279
1.18,28.718995017608194,23.223187990272002,-2.338470758399997,-0.41758464000000006,73.6,44.8810049823918,44.834781985408,0.04622299698380061
1.19,28.95110990527146,23.199782761712004,-2.342539180799997,-0.39612095999999974,73.8,44.84889009472854,44.79967414256801,0.04921595216053021
1.2,29.1829905408,23.17633792,-2.346393599999997,-0.3747840000000001,74.0,44.8170094592,44.76450688,0.05250257920000223
1.21,29.414636538741345,23.152855598832,-2.350035283199997,-0.35357376000000024,74.2,44.785363461258655,44.729283398248,0.05608006301065416
1.22,29.646047534916608,23.129337919232004,-2.353465497599997,-0.3324902400000001,74.4,44.7539524650834,44.69400687884801,0.05994558623539348
1.23,29.877223186293794,23.105786989552,-2.356685510399997,-0.3115334399999997,74.6,44.722776813706204,44.658680484328,0.0640963293782022
1.24,30.108163170861054,23.082204905472004,-2.359696588799997,-0.29070335999999997,74.8,44.69183682913894,44.62330735820801,0.0685294709309332
1.25,30.3388671875,23.058593750000004,-2.362499999999997,-0.27,75.0,44.6611328125,44.58789062500001,0.0732421874999929
1.26,30.569334955858945,23.034955593472002,-2.365097011199997,-0.24942336000000023,75.2,44.630665044141054,44.552433390208,0.07823165393305231
1.27,30.79956621622621,23.011292493552002,-2.3674888895999966,-0.22897344000000022,75.4,44.600433783773795,44.516938740328,0.08349504344579373
1.28,31.029560729403396,22.987606495232004,-2.369676902399997,-0.2086502400000004,75.6,44.570439270596594,44.48140974284801,0.08902952774858619
1.29,31.259318276578657,22.963899630832003,-2.371662316799997,-0.18845376000000033,75.8,44.54068172342134,44.445849446248005,0.09483227717333875
1.3,31.488838659200002,22.940173920000003,-2.373446399999997,-0.16838400000000048,76.0,44.5111613408,44.41026088,0.10090046079999837
1.31,31.71812169884855,22.916431369712004,-2.375030419199997,-0.1484409599999999,76.2,44.481878301151454,44.37464705456801,0.10723124658344574
1.32,31.94716723711181,22.892673974272004,-2.376415641599997,-0.12862464,76.4,44.45283276288819,44.33901096140801,0.11382180148018506
1.33,32.175975135456994,22.868903715312005,-2.377603334399997,-0.1089350400000003,76.6,44.424024864543,44.30335557296801,0.12066929157499118
1.34,32.40454527510426,22.845122561792003,-2.3785947647999968,-0.0893721599999999,76.8,44.395454724895735,44.267683842688,0.12777088220773436
1.35,32.632877556900006,22.82133247,-2.379391199999997,-0.06993600000000015,77.0,44.367122443099994,44.231998705,0.1351237380999919
1.36,32.86097190119015,22.797535383552002,-2.379993907199997,-0.050626560000000154,77.2,44.339028098809855,44.196303075328004,0.14272502348185157
1.37,33.088828247693414,22.773733233392,-2.3804041535999967,-0.03144384000000036,77.4,44.31117175230659,44.160599850088005,0.15057190221858718
1.3800000000000001,33.3164465553746,22.749927937792002,-2.3806232063999975,-0.012387840000000323,77.6,44.2835534446254,44.124891906688006,0.15866153793739102
1.3900000000000001,33.54382680231786,22.726121402352003,-2.3806523327999973,0.006541439999999512,77.80000000000001,44.25617319768215,44.089182103528,0.1669910941541488
1.4000000000000001,33.77096898560001,22.702315520000003,-2.380492799999997,0.025343999999999596,78.0,44.22903101439999,44.053473280000006,0.17555773439998745
1.41,33.99787312116374,22.678512170992,-2.380145875199997,0.04401983999999902,78.2,44.20212687883626,44.017768256488,0.18435862234826317
1.42,34.224539243691005,22.654713222912005,-2.379612825599997,0.06256895999999915,78.4,44.175460756309,43.982069834368005,0.1933909219409955
1.43,34.45096740647619,22.630920530672004,-2.3788949183999972,0.08099135999999953,78.6,44.149032593523806,43.94638079600801,0.20265179751579865
1.44,34.677157681299455,22.607135936512,-2.3779934207999975,0.09928703999999926,78.8,44.12284231870054,43.910703904768,0.21213841393254285
1.45,34.9031101583,22.583361270000005,-2.376909599999997,0.11745599999999923,79.0,44.0968898417,43.875041905,0.22184793669999436
1.46,35.128824945849345,22.559598348032004,-2.3756447231999975,0.135498239999999,79.2,44.07117505415066,43.839397522048,0.2317775321026545
1.47,35.35430217042461,22.535848974832003,-2.374200057599997,0.153413759999999,79.4,44.045697829575396,43.803773462248,0.24192436732739253
1.48,35.57954197648179,22.512114941952003,-2.372576870399997,0.1712025599999988,79.6,44.0204580235182,43.768172412928,0.2522856105901994
1.49,35.80454452632905,22.488398028272005,-2.3707764287999966,0.18886463999999886,79.8,43.995455473670944,43.73259704240801,0.2628584312629343
1.5,36.02931,22.464700000000004,-2.3687999999999967,0.20639999999999872,80.0,43.97069,43.697050000000004,0.2736399999999932
1.51,36.25383859512694,22.441022610672004,-2.3666488511999977,0.22380863999999928,80.2,43.94616140487306,43.661533916008004,0.2846274888650555
1.52,36.478130526814205,22.417367601152,-2.364324249599997,0.24109055999999918,80.4,43.9218694731858,43.626051401728006,0.29581807145779493
1.53,36.702186027511395,22.393736699632004,-2.3618274623999964,0.2582457599999989,80.6,43.8978139724886,43.59060504944801,0.3072089230405908
1.54,36.92600534688666,22.370131621632005,-2.359159756799997,0.2752742399999997,80.8,43.873994653113336,43.55519743244801,0.31879722066532423
1.55,37.1495887517,22.346554070000003,-2.3563223999999976,0.2921759999999995,81.0,43.8504112483,43.51983110500001,0.33058014329998997
1.56,37.37293652567654,22.323005734912005,-2.3533166591999977,0.308951039999999,81.2,43.82706347432346,43.48450860236801,0.34255487195544987
1.57,37.59604896937981,22.299488293872002,-2.350143801599997,0.3255993599999992,81.4,43.8039510306202,43.449232440808004,0.35471858981219384
1.58,37.818926400085,22.276003411712004,-2.3468050943999974,0.3421209599999993,81.6,43.781073599915,43.41400511756801,0.36706848234698697
1.59,38.04156915165226,22.252552740592,-2.3433018047999967,0.35851583999999914,81.8,43.758430848347736,43.378829110888006,0.3796017374597298
1.6,38.2639775744,22.229137920000007,-2.339635199999997,0.37478399999999873,82.0,43.7360224256,43.34370688000001,0.3923155455999847
1.61,38.48615203497815,22.205760576752006,-2.3358065471999976,0.39092543999999907,82.2,43.713847965021856,43.30864086512801,0.4052070998938433
1.62,38.70809291624141,22.182422324992004,-2.3318171135999974,0.4069401599999983,82.4,43.69190708375859,43.273633487488006,0.4182735962705877
1.6300000000000001,38.929800617122595,22.159124766192004,-2.327668166399997,0.4228281599999991,82.6,43.6701993828774,43.238687149288005,0.4315122335893946
1.6400000000000001,39.15127555250586,22.135869489152004,-2.323360972799997,0.43858943999999883,82.80000000000001,43.64872444749415,43.20380423372801,0.4449202137661459
1.6500000000000001,39.3725181531,22.112658070000002,-2.318896799999997,0.45422399999999924,83.0,43.6274818469,43.168987105,0.4584947418999974
1.6600000000000001,39.59352886531175,22.089492072192005,-2.3142769151999976,0.46973183999999946,83.2,43.606471134688256,43.13423810828801,0.47223302640024656
1.67,39.81430815111901,22.066373046512005,-2.3095025855999975,0.48511295999999854,83.4,43.585691848881,43.099559569768005,0.4861322791129936
1.68,40.03485648794419,22.043302531072005,-2.3045750783999965,0.5003673599999984,83.6,43.565143512055805,43.06495379660801,0.5001897154477959
1.69,40.255174368527456,22.020282051312005,-2.299495660799997,0.515495039999998,83.8,43.54482563147254,43.030423076968006,0.5144025545045352
1.7,40.4752623008,21.997313120000005,-2.294265599999998,0.5304959999999983,84.0,43.5247376992,42.99596968000001,0.5287680191999939
1.71,40.69512080775734,21.974397237232004,-2.2888861631999973,0.5453702399999983,84.2,43.50487919224266,42.961595855848,0.5432833363946585
1.72,40.914750427332606,21.951535890432005,-2.2833586175999976,0.5601177599999982,84.4,43.4852495726674,42.927303835648004,0.557945737019395
1.73,41.13415171226979,21.928730554352004,-2.2776842303999976,0.574738559999998,84.6,43.4658482877302,42.89309583152801,0.5727524562021955
1.74,41.353325229997054,21.905982691072005,-2.2718642687999973,0.5892326399999993,84.8,43.44667477000294,42.858974036608004,0.5877007333949393
1.75,41.5722715625,21.883293750000004,-2.2658999999999967,0.6035999999999986,85.0,43.4277284375,42.824940625,0.6027878124999972
1.76,41.79099130619495,21.860665167872003,-2.2597926911999977,0.6178406399999985,85.2,43.409008693805056,42.79099775180801,0.6180109419970492
1.77,42.00948507180221,21.838098368752004,-2.2535436095999977,0.6319545599999983,85.4,43.390514928197796,42.75714755312801,0.6333673750697884
1.78,42.22775348421939,21.815594764032006,-2.247154022399998,0.6459417599999988,85.6,43.3722465157806,42.72339214604801,0.6488543697325895
1.79,42.44579718239466,21.793155752432007,-2.2406251967999973,0.6598022399999982,85.8,43.35420281760534,42.689733628648014,0.6644691889573267
1.8,42.6636168192,21.770782720000007,-2.233958399999998,0.6735359999999982,86.0,43.3363831808,42.656174080000014,0.6802091007999849
1.81,42.88121306130455,21.748477040112004,-2.227154899199998,0.6871430399999982,86.2,43.31878693869545,42.622715560168004,0.6960713785274493
1.82,43.09858658904781,21.726240073472006,-2.220215961599998,0.7006233599999978,86.4,43.30141341095219,42.589360110208005,0.7120533007441878
1.83,43.315738096313,21.704073168112007,-2.213142854399998,0.7139769599999981,86.6,43.284261903686996,42.55610975216801,0.7281521515189837
1.84,43.53266829040026,21.681977659392004,-2.205936844799998,0.7272038399999983,86.80000000000001,43.26733170959975,42.522966489088006,0.7443652205117459
1.85,43.749377891900004,21.659954870000004,-2.198599199999998,0.7403039999999983,87.0,43.250622108099996,42.489932305,0.7606898030999929
1.86,43.965867634566145,21.638006109952006,-2.1911311871999977,0.753277439999999,87.2,43.23413236543386,42.45700916492801,0.7771232005058479
1.87,44.18213826518941,21.616132676592006,-2.183534073599998,0.7661241599999985,87.4,43.2178617348106,42.42419901488801,0.7936627199225867
1.8800000000000001,44.3981905434706,21.594335854592003,-2.1758091263999986,0.7788441599999988,87.6,43.201809456529396,42.391503781888005,0.8103056746413912
1.8900000000000001,44.614025241893856,21.572616915952004,-2.1679576127999978,0.7914374399999988,87.80000000000001,43.185974758106155,42.358925373928,0.827049384178153
1.9000000000000001,44.8296431456,21.550977120000006,-2.1599807999999983,0.8039039999999986,88.0,43.1703568544,42.32646568000001,0.8438911743999853
1.9100000000000001,45.04504505225975,21.529417713392004,-2.1518799551999974,0.8162438399999983,88.2,43.15495494774025,42.294126570088004,0.860828377652247
1.92,45.26023177194701,21.507939930112006,-2.143656345599998,0.8284569599999977,88.4,43.13976822805299,42.26190989516801,0.8778583328849834
1.93,45.4752041270122,21.486544991472005,-2.135311238399998,0.8405433599999979,88.6,43.1247958729878,42.22981748720801,0.8949783857797868
1.94,45.68996295195546,21.465234106112003,-2.1268459007999976,0.8525030399999987,88.8,43.11003704804454,42.197851159168,0.912185888876536
1.95,45.90450909330001,21.444008470000007,-2.1182615999999985,0.8643359999999984,89.0,43.09549090669999,42.166012705000014,0.929478201699979
1.96,46.11884340946535,21.422869266432006,-2.109559603199998,0.876042239999998,89.2,43.081156590534654,42.13430389964801,0.9468526908866437
1.97,46.33296677064062,21.401817666032006,-2.100741177599997,0.887621759999999,89.4,43.06703322935939,42.10272649904801,0.9643067303113781
1.98,46.5468800586578,21.380854826752007,-2.0918075903999975,0.8990745599999991,89.6,43.053119941342196,42.07128224012801,0.9818377012141823
1.99,46.76058416686506,21.359981893872003,-2.0827601087999983,0.910400639999999,89.8,43.03941583313494,42.039972840808005,0.9994429923269337
2.0,46.97408000000001,21.339200000000005,-2.0735999999999977,0.9215999999999985,90.0,43.02591999999999,42.00880000000001,1.0171199999999843
2.0100000000000002,47.18736847406295,21.318510265072003,-2.064328531199998,0.9326726399999979,90.2,43.01263152593705,41.977765397608,1.0348661283290497
2.02,47.40045051619021,21.297913796352006,-2.0549469695999973,0.9436185599999981,90.4,42.999549483809794,41.94687069452801,1.052678789281785
2.0300000000000002,47.613327064527404,21.277411688432004,-2.045456582399998,0.954437759999998,90.60000000000001,42.986672935472605,41.916117532648,1.0705554028245992
2.04,47.82599906810266,21.257005023232004,-2.0358586367999973,0.9651302399999977,90.8,42.974000931897336,41.885507534848,1.08849339704933
2.05,48.0384674867,21.236694870000004,-2.0261543999999976,0.9756959999999981,91.0,42.9615325133,41.855042305000005,1.106490208299995
2.06,48.250733290732555,21.216482285312004,-2.0163451391999985,0.9861350399999983,91.2,42.94926670926745,41.82472342796801,1.1245432812994416
2.07,48.46279746111581,21.196368313072007,-2.006432121599998,0.9964473599999983,91.4,42.93720253888419,41.79455246960801,1.1426500692761827
2.08,48.674660989140996,21.176353984512005,-1.9964166143999977,1.0066329599999981,91.6,42.925339010859,41.76453097676801,1.1608080340909908
2.09,48.88632487634826,21.156440318192004,-1.9862998847999982,1.0166918399999978,91.8,42.913675123651736,41.734660477288,1.1790146463637292
2.1,49.097790134400014,21.136628320000007,-1.9760831999999977,1.0266239999999989,92.0,42.902209865599986,41.704942480000014,1.1972673855999751
2.11,49.30905778495415,21.116918983152004,-1.965767827199998,1.036429439999998,92.19999999999999,42.89094221504584,41.67537847472801,1.2155637403178332
2.12,49.52012885953742,21.097313288192005,-1.9553550335999967,1.046108159999998,92.4,42.87987114046258,41.64596993228801,1.2339012081745757
2.13,49.7310043994186,21.077812202992003,-1.9448460863999981,1.0556601599999977,92.6,42.86899560058139,41.616718304488,1.2522772960933892
2.14,49.94168545548187,21.058416682752004,-1.9342422527999978,1.065085439999998,92.80000000000001,42.858314544518144,41.587625024128,1.270689520390139
2.15,50.15217308810001,21.039127670000006,-1.923544799999998,1.0743839999999982,93.0,42.84782691189999,41.55869150500001,1.2891354068999838
2.16,50.36246836700776,21.019946094592008,-1.9127549951999976,1.0835558399999983,93.2,42.837531632992246,41.529919141888016,1.3076124911042335
2.17,50.57257237117501,21.000872873712005,-1.901874105599998,1.0926009599999988,93.4,42.82742762882499,41.501309310568004,1.3261183182569845
2.18,50.7824861886802,20.981908911872004,-1.8909033983999983,1.1015193599999984,93.6,42.81751381131979,41.472863367808,1.3446504435117852
2.19,50.99221091658347,20.963055100912005,-1.8798441407999977,1.1103110399999987,93.8,42.80778908341653,41.44458265136801,1.3632064320485213
2.2,51.20174766080002,20.944312320000005,-1.8686975999999982,1.1189759999999986,94.0,42.79825233919998,41.416468480000006,1.3817838591999774
2.21,51.41109753597335,20.925681435632008,-1.8574650431999984,1.1275142399999978,94.2,42.788902464026656,41.38852215344801,1.4003803105786439
2.22,51.62026166534862,20.907163301632004,-1.8461477375999977,1.1359257599999983,94.4,42.779738334651384,41.360744952448,1.4189933822033787
2.23,51.829241180645795,20.888758759152005,-1.834746950399998,1.1442105599999977,94.6,42.7707588193542,41.333138138728,1.4376206806261926
2.24,52.03803722193307,20.870468636672005,-1.8232639487999984,1.152368639999998,94.80000000000001,42.761962778066945,41.30570295500801,1.4562598230589359
2.25,52.24665093750001,20.85229375000001,-1.8116999999999988,1.1603999999999979,95.0,42.75334906249999,41.278440625000016,1.4749084374999804
2.2600000000000002,52.45508348373096,20.834234902272005,-1.800056371199998,1.1683046399999975,95.2,42.74491651626904,41.25135235340801,1.493564162861034
2.27,52.663336024978214,20.816292883952006,-1.788334329599998,1.176082559999998,95.4,42.73666397502179,41.22443932592801,1.5122246490937812
2.2800000000000002,52.87140973343541,20.798468472832006,-1.7765351423999982,1.1837337599999973,95.60000000000001,42.7285902665646,41.197702709248006,1.5308875573165928
2.29,53.07930578901066,20.780762434032006,-1.7646600767999985,1.1912582399999982,95.8,42.720694210989336,41.17114365104801,1.549550559941327
2.3000000000000003,53.28702537920002,20.763175520000004,-1.7527103999999978,1.1986559999999982,96.0,42.71297462079998,41.14476328000001,1.5682113407999765
2.31,53.494569698960554,20.745708470512007,-1.740687379199999,1.2059270399999977,96.2,42.70543030103945,41.118562705768014,1.586867595271439
2.32,53.70193995058381,20.728362012672008,-1.7285922815999988,1.2130713599999972,96.4,42.6980600494162,41.09254301900801,1.605517030408187
2.33,53.909137343569,20.711136860912006,-1.7164263743999981,1.2200889599999982,96.6,42.690862656430994,41.06670529136801,1.6241573650629846
2.34,54.11616309449626,20.694033716992003,-1.7041909247999991,1.2269798399999972,96.8,42.68383690550374,41.041050575488,1.6427863300157348
2.35,54.323018426900006,20.67705327000001,-1.6918871999999985,1.233743999999998,97.0,42.676981573099994,41.01557990500001,1.6614016680999804
2.36,54.52970457114215,20.660196196352008,-1.6795164671999994,1.2403814399999973,97.19999999999999,42.67029542885784,40.99029429452801,1.680001134329828
2.37,54.73622276428542,20.643463159792006,-1.6670799935999987,1.2468921599999976,97.4,42.66377723571458,40.96519473968801,1.6985824960265745
2.38,54.94257424996659,20.626854811392008,-1.6545790463999983,1.2532761599999984,97.6,42.657425750033404,40.94028221708801,1.7171435329453928
2.39,55.14876027826986,20.610371789552005,-1.642014892799999,1.2595334399999973,97.80000000000001,42.65123972173015,40.91555768432801,1.7356820374021424
2.4,55.35478210560001,20.594014720000008,-1.6293887999999996,1.265663999999998,98.0,42.64521789439999,40.89102208000001,1.7541958143999778
2.41,55.560640994555754,20.577784215792004,-1.6167020351999977,1.2716678399999983,98.2,42.63935900544425,40.866676323688004,1.772682681756244
2.42,55.76633821380301,20.561680877312007,-1.6039558655999984,1.2775449599999975,98.4,42.633661786196996,40.842521315968014,1.791140470228985
2.43,55.9718750379482,20.545705292272007,-1.5911515583999989,1.2832953599999983,98.6,42.62812496205179,40.81855793840801,1.8095670236437797
2.44,56.17725274741146,20.529858035712003,-1.5782903807999995,1.288919039999997,98.8,42.62274725258854,40.794787053568,1.8279601990205343
2.45,56.38247262830001,20.514139670000006,-1.5653735999999976,1.2944159999999973,99.0,42.61752737169999,40.77120950500001,1.8463178666999838
2.46,56.58753597228135,20.49855074483201,-1.5524024831999992,1.2997862399999975,99.2,42.61246402771865,40.74782611724801,1.8646379104706376
2.47,56.79244407645662,20.483091797232007,-1.5393782975999986,1.3050297599999976,99.4,42.60755592354339,40.72463769584801,1.8829182276953773
2.48,56.997198243233804,20.467763351552005,-1.5263023103999993,1.3101465599999975,99.6,42.60280175676619,40.701645027328006,1.9011567294381848
2.49,57.20179978020107,20.452565919472008,-1.5131757887999984,1.315136639999998,99.80000000000001,42.59820021979894,40.67884887920801,1.9193513405909286
2.5,57.40625000000001,20.437500000000007,-1.499999999999999,1.3199999999999983,100.0,42.59374999999999,40.656250000000014,1.9374999999999822
2.5100000000000002,57.61055022019895,20.422566079472006,-1.486776211199999,1.3247366399999982,100.2,42.58944977980105,40.63384911920801,1.955600660593042
2.52,57.81470176316622,20.407764631552006,-1.4735056895999987,1.329346559999998,100.4,42.585298236833786,40.61164694732801,1.9736512895057778
2.5300000000000002,58.018705955943396,20.393096117232005,-1.4601897023999983,1.3338297599999978,100.60000000000001,42.58129404405661,40.58964417584801,1.9916498682086043
2.54,58.22256413011866,20.378560984832006,-1.4468295167999992,1.3381862399999973,100.8,42.577435869881334,40.56784147724801,2.009594392633325
2.5500000000000003,58.4262776217,20.364159670000006,-1.4334263999999992,1.3424159999999974,101.0,42.5737223783,40.54623950500001,2.027482873299988
2.56,58.62984777098855,20.349892595712006,-1.4199816191999985,1.3465190399999973,101.2,42.570152229011455,40.52483889356801,2.0453133354434456
2.57,58.83327592245182,20.335760172272007,-1.4064964415999988,1.3504953599999971,101.4,42.56672407754819,40.50364025840801,2.063083819140175
2.58,59.036563424597006,20.321762797312005,-1.3929721343999992,1.3543449599999977,101.6,42.56343657540299,40.48264419596801,2.080792379434982
2.59,59.239711629844265,20.307900855792006,-1.3794099647999993,1.358067839999998,101.8,42.56028837015573,40.461851283688006,2.0984370864677224
2.6,59.442721894400016,20.294174720000008,-1.3658111999999987,1.361663999999998,102.0,42.557278105599984,40.441262080000016,2.116016025599972
2.61,59.645595578130155,20.280584749552006,-1.3521771071999984,1.3651334399999968,102.19999999999999,42.55440442186983,40.42087712432801,2.133527297541825
2.62,59.848334044433415,20.26713129139201,-1.338508953599999,1.3684761599999984,102.4,42.55166595556659,40.400696937088014,2.150969018478577
2.63,60.050938660114596,20.253814679792008,-1.324808006399999,1.3716921599999978,102.6,42.5490613398854,40.38072201968801,2.1683393201973864
2.64,60.25341079525787,20.240635236352006,-1.3110755327999981,1.374781439999998,102.80000000000001,42.54658920474214,40.36095285452801,2.185636350214132
2.65,60.45575182310001,20.227593270000007,-1.2973128000000005,1.3777439999999979,103.0,42.54424817689999,40.341389905000014,2.2028582718999807
2.66,60.657963119903755,20.214689076992006,-1.2835210751999997,1.3805798399999976,103.2,42.54203688009625,40.32203361548801,2.2200032646082377
2.67,60.86004606483102,20.201922940912006,-1.2697016255999982,1.3832889599999971,103.4,42.53995393516899,40.30288441136801,2.2370695238009795
2.68,61.06200203981621,20.189295132672008,-1.2558557183999985,1.3858713599999983,103.6,42.53799796018379,40.28394269900801,2.2540552611757754
2.69,61.26383242943947,20.176805910512005,-1.2419846207999996,1.3883270399999983,103.8,42.53616757056053,40.26520886576801,2.2709587047925197
2.7,61.46553862080001,20.164455520000008,-1.2280895999999988,1.3906559999999981,104.0,42.53446137919999,40.24668328000001,2.2877780991999757
2.71,61.66712200338935,20.152244194032008,-1.2141719231999983,1.3928582399999978,104.2,42.53287799661065,40.22836629104801,2.304511705562639
2.72,61.86858396896462,20.140172152832005,-1.2002328575999988,1.3949337599999971,104.4,42.531416031035384,40.210258229248005,2.321157801787379
2.73,62.069925911421805,20.128239603952007,-1.1862736703999996,1.396882559999998,104.6,42.53007408857819,40.19235940592801,2.33771468265018
2.74,62.27114922666907,20.116446742272007,-1.1722956287999988,1.398704639999998,104.80000000000001,42.528850773330944,40.17467011340801,2.354180659922932
2.75,62.47225531250002,20.104793750000006,-1.1582999999999997,1.4003999999999979,105.0,42.52774468749998,40.15719062500001,2.3705540624999735
2.7600000000000002,62.67324556846696,20.093280796672005,-1.1442880511999998,1.4019686399999973,105.2,42.52675443153304,40.13992119500801,2.3868332365250353
2.77,62.87412139575422,20.081908039152005,-1.1302610495999994,1.4034105599999975,105.4,42.52587860424578,40.122862058728,2.403016545517776
2.7800000000000002,63.074884197051404,20.070675621632006,-1.1162202623999984,1.4047257599999976,105.60000000000001,42.525115802948605,40.10601343244801,2.419102370500596
2.79,63.27553537642667,20.059583675632005,-1.1021669567999992,1.4059142399999982,105.8,42.52446462357333,40.089375513448005,2.435089110125322
2.8000000000000003,63.47607633920001,20.048632320000007,-1.0881023999999995,1.4069759999999978,106.0,42.52392366079999,40.07294848000001,2.450975180799979
2.81,63.67650849181656,20.037821660912005,-1.0740278591999988,1.4079110399999981,106.2,42.52349150818344,40.05673249136801,2.4667590168154305
2.82,63.87683324171981,20.027151791872008,-1.0599446016,1.4087193599999974,106.4,42.5231667582802,40.040727687808015,2.4824390704721857
2.83,64.07705199722501,20.016622793712006,-1.0458538943999984,1.4094009599999973,106.6,42.52294800277498,40.02493419056801,2.4980138122069704
2.84,64.27716616739227,20.00623473459201,-1.0317570047999995,1.409955839999997,106.8,42.52283383260773,40.00935210188801,2.513481730719718
2.85,64.47717716190002,19.995987670000005,-1.0176551999999992,1.4103839999999983,107.0,42.522822838099984,39.99398150500001,2.528841333099976
2.86,64.67708639091815,19.98588164275201,-1.0035497472000003,1.4106854399999984,107.19999999999999,42.52291360908184,39.978822464128015,2.544091144953825
2.87,64.87689526498143,19.975916682992008,-0.9894419135999999,1.4108601599999975,107.4,42.52310473501858,39.96387502448801,2.559229710530566
2.88,65.0766051948626,19.96609280819201,-0.9753329664000009,1.4109081599999973,107.6,42.5233948051374,39.94913921228802,2.5742555928493864
2.89,65.27621759144587,19.956410023152007,-0.961224172799999,1.4108294399999977,107.80000000000001,42.52378240855414,39.93461503472801,2.589167373826129
2.9,65.4757338656,19.94686832000001,-0.9471167999999989,1.410623999999997,108.0,42.524266134399994,39.92030248000002,2.6039636543999762
2.91,65.67515542805175,19.937467678192007,-0.9330121151999997,1.410291839999998,108.2,42.52484457194825,39.90620151728801,2.6186430546602395
2.92,65.87448368925902,19.928208064512006,-0.9189113856000007,1.409832959999998,108.4,42.52551631074098,39.89231209676801,2.6332042139729737
2.93,66.07372005928421,19.91908943307201,-0.9048158783999988,1.4092473599999975,108.6,42.52627994071578,39.87863414960802,2.6476457911077667
2.94,66.27286594766747,19.910111725312007,-0.8907268607999999,1.4085350399999979,108.8,42.52713405233253,39.86516758796801,2.661966464364518
2.95,66.47192276330001,19.901274870000005,-0.8766455999999991,1.4076959999999972,109.0,42.528077236699986,39.851912305000006,2.6761649316999794
2.96,66.67089191429734,19.892578783232004,-0.8625733632000001,1.4067302399999972,109.2,42.52910808570266,39.838868174848,2.690239910854654
2.97,66.86977480787263,19.884023368432004,-0.8485114175999994,1.4056377599999978,109.4,42.530225192127375,39.82603505264801,2.704190139479369
2.98,67.0685728502098,19.87560851635201,-0.8344610304000004,1.4044185599999983,109.6,42.53142714979019,39.81341277452802,2.7180143752621753
2.99,67.26728744633706,19.867334105072008,-0.8204234687999995,1.4030726399999975,109.80000000000001,42.53271255366295,39.80100115760801,2.7317113960549335
3.0,67.46592000000001,19.85920000000001,-0.8064000000000006,1.4015999999999977,110.0,42.53407999999999,39.78880000000001,2.745279999999976
3.0100000000000002,67.66447191353497,19.85120605387201,-0.7923918911999996,1.4000006399999976,110.2,42.535528086465035,39.776809080808015,2.7587190056570208
3.02,67.86294458774222,19.843352106752004,-0.7784004096000006,1.398274559999998,110.4,42.537055412257786,39.765028160128004,2.7720272521297815
3.0300000000000002,68.06133942175941,19.835637986032005,-0.7644268223999997,1.3964217599999984,110.60000000000001,42.538660578240595,39.75345697904801,2.785203599192588
3.04,68.25965781293466,19.82806350643201,-0.7504723968000007,1.3944422399999976,110.8,42.540342187065335,39.74209525964801,2.7982469274173205
3.0500000000000003,68.45790115670002,19.820628470000006,-0.736538400000001,1.3923359999999976,111.0,42.54209884329998,39.73094270500001,2.811156138299971
3.06,68.65607084644455,19.81333266611201,-0.7226260992000004,1.3901030399999972,111.2,42.54392915355545,39.71999899916801,2.823930154387437
3.0700000000000003,68.85416827338783,19.806175871472007,-0.7087367615999994,1.3877433599999978,111.4,42.54583172661218,39.70926380720801,2.8365679194041675
3.08,69.052194826453,19.799157850112007,-0.6948716544000003,1.3852569599999989,111.6,42.54780517354699,39.69873677516801,2.849068398378982
3.09,69.25015189214027,19.79227835339201,-0.6810320448000005,1.3826438399999978,111.8,42.54984810785973,39.68841753008802,2.8614305777717135
3.1,69.44804085440002,19.785537120000008,-0.6672192000000012,1.3799039999999978,112.0,42.55195914559998,39.67830568000001,2.8736534655999684
3.11,69.64586309450615,19.77893387595201,-0.6534343872000001,1.3770374399999974,112.19999999999999,42.554136905493834,39.66840081392802,2.8857360915658177
3.12,69.84361999092941,19.77246833459201,-0.6396788735999995,1.3740441599999977,112.4,42.556380009070594,39.658702501888015,2.8976775071825784
3.13,70.0413129192106,19.766140196592005,-0.6259539263999997,1.3709241599999977,112.6,42.5586870807894,39.64921029488801,2.90947678590139
3.14,70.23894325183387,19.759949149952007,-0.6122608128000003,1.3676774399999985,112.80000000000001,42.56105674816614,39.63992372492801,2.921133023238127
3.15,70.4365123581,19.753894870000007,-0.5986008000000005,1.3643039999999982,113.0,42.5634876419,39.63084230500001,2.932645336899988
3.16,70.63402160399976,19.74797701939201,-0.5849751551999983,1.3608038399999978,113.2,42.56597839600025,39.621965529088016,2.9440128669122316
3.17,70.83147235208702,19.742195248112008,-0.5713851455999999,1.3571769599999979,113.4,42.56852764791299,39.61329287216801,2.9552347757449766
3.18,71.0288659613522,19.73654919347201,-0.5578320384000005,1.3534233599999979,113.6,42.5711340386478,39.604823790208016,2.966310248439786
3.19,71.22620378709547,19.73103848011201,-0.5443171007999991,1.3495430399999986,113.8,42.573796212904526,39.596557720168015,2.977238492736511
3.2,71.42348718080001,19.72566272000001,-0.5308416000000011,1.3455359999999983,114.0,42.57651281919999,39.58849408000002,2.988018739199976
3.21,71.62071749000536,19.720421512432008,-0.5174068032000012,1.3414022399999985,114.2,42.57928250999464,39.58063226864801,2.998650241346631
3.22,71.81789605818062,19.71531444403201,-0.5040139776000003,1.3371417599999977,114.4,42.58210394181938,39.57297166604802,3.0091322757713677
3.23,72.01502422459781,19.71034108875201,-0.4906643903999987,1.3327545599999975,114.6,42.584975775402185,39.56551163312801,3.0194641422741704
3.24,72.21210332420507,19.70550100787201,-0.47735930880000077,1.3282406399999973,114.80000000000001,42.58789667579494,39.55825151180801,3.029645163986924
3.25,72.40913468750001,19.700793750000006,-0.4641000000000006,1.3235999999999986,115.0,42.590865312499986,39.55119062500001,3.039674687499975
3.2600000000000002,72.60611964040295,19.696218851072008,-0.45088773119999964,1.3188326399999988,115.2,42.59388035959705,39.54432827660801,3.049552082989038
3.27,72.80305950413022,19.691775834352008,-0.4377237695999995,1.3139385599999978,115.4,42.59694049586979,39.537663751528015,3.0592767443417763
3.2800000000000002,72.9999555950674,19.687464210432005,-0.42460938240000146,1.3089177599999975,115.60000000000001,42.6000444049326,39.531196315648,3.0688480892845966
3.29,73.19680922464268,19.683283477232006,-0.4115458368000012,1.303770239999998,115.8,42.60319077535732,39.52492521584801,3.078265559509312
3.3000000000000003,73.39362169920001,19.67923312000001,-0.3985344000000001,1.2984959999999974,116.0,42.60637830079999,39.51884968000002,3.087528620799972
3.31,73.59039431987256,19.67531261131201,-0.3855763392000013,1.2930950399999983,116.2,42.609605680127444,39.51296891696801,3.096636763159431
3.3200000000000003,73.78712838245582,19.671521411072007,-0.37267292160000165,1.2875673599999982,116.4,42.61287161754419,39.50728211660801,3.1055895009361763
3.33,73.983825177281,19.667858966512007,-0.3598254143999998,1.2819129599999979,116.6,42.61617482271899,39.501788449768014,3.114386372950978
3.34,74.18048598908827,19.664324712192006,-0.3470350848000016,1.2761318399999981,116.8,42.61951401091173,39.496487068288005,3.1230269426237207
3.35,74.37711209690002,19.660918070000008,-0.33430319999999975,1.2702239999999974,117.0,42.62288790309998,39.49137710500001,3.131510798099967
3.36,74.57370477389415,19.65763844915201,-0.32163102720000153,1.2641894399999982,117.2,42.62629522610585,39.48645767372801,3.1398375523778377
3.37,74.77026528727743,19.65448524619201,-0.30901983359999957,1.258028159999999,117.4,42.62973471272258,39.481727869288015,3.1480068434345654
3.38,74.9667948981586,19.65145784499201,-0.2964708864000013,1.2517401599999984,117.6,42.6332051018414,39.477186767488014,3.1560183343533836
3.39,75.16329486142187,19.648555616752006,-0.28398545280000237,1.2453254399999978,117.8,42.63670513857812,39.47283342512801,3.1638717134501135
3.4,75.35976642560001,19.645777920000008,-0.271564800000001,1.2387839999999988,118.0,42.640233574399986,39.468666880000015,3.1715666943999743
3.41,75.55621083274777,19.64312410059201,-0.2592101951999989,1.2321158399999976,118.2,42.64378916725224,39.464686150888014,3.1791030163642198
3.42,75.75262931831502,19.640593491712007,-0.24692290560000058,1.2253209599999981,118.4,42.64737068168499,39.46089023756801,3.186480444116981
3.43,75.94902311102021,19.638185413872005,-0.2347041984000015,1.2183993599999985,118.60000000000001,42.6509768889798,39.457278120808006,3.1936987681717923
3.44,76.14539343272347,19.635899174912005,-0.22255534080000317,1.2113510399999987,118.8,42.65460656727653,39.45384876236801,3.2007578049085232
3.45,76.34174149830002,19.63373407000001,-0.21047759999999938,1.2041759999999977,119.0,42.658258501699976,39.45060110500002,3.207657396699961
3.46,76.53806851551336,19.631689381632007,-0.19847224319999937,1.1968742399999983,119.2,42.661931484486644,39.44753407244801,3.2143974120386325
3.47,76.73437568488863,19.629764379632007,-0.1865405376000018,1.1894457599999977,119.4,42.66562431511137,39.44464656944801,3.2209777456633617
3.48,76.93066419958579,19.627958321152008,-0.17468375040000178,1.181890559999999,119.6,42.6693358004142,39.44193748172801,3.227398318686191
3.49,77.12693524527307,19.626270450672006,-0.162903148800001,1.174208639999999,119.80000000000001,42.67306475472694,39.43940567600801,3.2336590787189294
3.5,77.32319000000001,19.62470000000001,-0.15119999999999936,1.1663999999999988,120.0,42.67680999999999,39.43705000000001,3.239759999999972
3.5100000000000002,77.51942963407096,19.62324618827201,-0.13957557120000008,1.1584646399999983,120.2,42.68057036592904,39.434869282408016,3.245701083521027
3.52,77.71565530991822,19.62190822195201,-0.12803112960000157,1.1504025599999985,120.4,42.68434469008179,39.43286233292801,3.251482357153776
3.5300000000000002,77.91186818197541,19.620685294832008,-0.11656794240000068,1.1422137599999977,120.60000000000001,42.6881318180246,39.43102794224801,3.2571038757765898
3.54,78.10806939655066,19.619576588032004,-0.10518727680000212,1.1338982399999995,120.8,42.691930603449336,39.429364882048006,3.26256572140133
3.5500000000000003,78.30426009170002,19.61858127000001,-0.09389039999999954,1.1254559999999982,121.0,42.695739908299984,39.42787190500002,3.2678680032999665
3.56,78.50044139710056,19.61769849651201,-0.08267857920000093,1.1168870399999986,121.2,42.699558602899444,39.426547744768015,3.2730108581314283
3.5700000000000003,78.69661443392383,19.616927410672005,-0.07155308159999989,1.108191359999998,121.4,42.70338556607618,39.42539111600801,3.277994450068171
3.58,78.892780314709,19.61626714291201,-0.060515174400001245,1.099368959999998,121.6,42.707219685290994,39.42440071436802,3.2828189709229747
3.59,79.08894014323627,19.61571681099201,-0.04956612480000178,1.0904198399999978,121.8,42.711059856763725,39.42357521648801,3.2874846402757143
3.6,79.28509501440001,19.615275520000008,-0.03870720000000147,1.0813439999999992,122.0,42.714904985599986,39.42291328000001,3.291991705599976
3.61,79.48124601408216,19.614942362352007,-0.027939667200001943,1.0721414399999993,122.2,42.71875398591784,39.42241354352801,3.296340442389834
3.62,79.67739421902543,19.614716417792007,-0.01726479360000322,1.0628121599999987,122.4,42.722605780974575,39.42207462668801,3.300531154286567
3.63,79.87354069670661,19.614596753392007,-0.006683846400002002,1.0533561599999985,122.6,42.72645930329338,39.42189513008801,3.304564173205371
3.64,80.06968650520987,19.61458242355201,0.0038019072000000775,1.043773439999998,122.8,42.730313494790124,39.42187363532802,3.308439859462105
3.65,80.26583269310002,19.614672470000006,0.014191199999998048,1.0340639999999994,123.0,42.73416730689998,39.42200870500001,3.3121586018999665
3.66,80.46198029929576,19.614865921792006,0.024482764799996865,1.0242278399999996,123.2,42.73801970070424,39.42229888268801,3.3157208180162314
3.67,80.65813035294303,19.615161795312012,0.03467533439999821,1.0142649599999987,123.4,42.74186964705697,39.422742692968015,3.3191269540889543
3.68,80.85428387328821,19.615559094272008,0.04476764160000043,1.0041753599999992,123.60000000000001,42.7457161267118,39.42333864140801,3.322377485303786
3.69,81.05044186955148,19.616056809712013,0.054758419199998486,0.9939590399999988,123.8,42.74955813044852,39.424085214568024,3.3254729158805
3.7,81.24660534080002,19.616653920000008,0.0646463999999974,0.9836159999999982,124.0,42.753394659199984,39.424980880000014,3.3284137791999697
3.71,81.44277527582136,19.61734939083201,0.07443031679999887,0.9731462399999992,124.2,42.75722472417864,39.42602408624802,3.3312006379306247
3.72,81.63895265299662,19.61814217523201,0.08410890239999784,0.9625497599999989,124.4,42.761047347003384,39.427213262848014,3.33383408415537
3.73,81.83513844017381,19.61903121355201,0.0936808895999977,0.9518265599999995,124.6,42.76486155982619,39.428546820328016,3.336314739498171
3.74,82.03133359454108,19.62001543347201,0.10314501119999839,0.9409766399999989,124.80000000000001,42.76866640545893,39.430023150208015,3.338643255250915
3.75,82.22753906250003,19.62109375000001,0.1125,0.9299999999999982,125.0,42.77246093749997,39.431640625000014,3.3408203124999574
3.7600000000000002,82.42375577953896,19.62226506547201,0.12174458879999907,0.9188966399999982,125.2,42.77624422046104,39.43339759820802,3.3428466222530204
3.77,82.61998467010622,19.623528269552008,0.13087751039999732,0.9076665599999997,125.4,42.780015329893786,39.43529240432801,3.344722925565776
3.7800000000000002,82.81622664748342,19.62488223923201,0.13989749759999986,0.8963097599999992,125.60000000000001,42.78377335251659,39.43732335884802,3.346449993668571
3.79,83.01248261365868,19.62632583883201,0.1488032831999999,0.8848262399999994,125.8,42.78751738634132,39.43948875824802,3.3480286280933065
3.8000000000000003,83.20875345920003,19.627857920000007,0.15759359999999734,0.8732159999999985,126.0,42.791246540799975,39.44178688000001,3.3494596607999654
3.81,83.40504006312857,19.62947732171201,0.16626718079999742,0.8614790399999983,126.2,42.794959936871436,39.44421598256801,3.3507439543034216
3.8200000000000003,83.60134329279182,19.631182870272006,0.1748227584000001,0.8496153599999979,126.4,42.79865670720818,39.44677430540801,3.3518824018001716
3.83,83.797664003737,19.63297337931201,0.18325906559999847,0.8376249599999992,126.6,42.802335996263,39.449460068968015,3.3528759272949813
3.84,83.99400303958427,19.63484764979201,0.19157483519999777,0.8255078399999993,126.8,42.805996960415726,39.45227147468802,3.3537254857277077
3.85,84.19036123190001,19.63680447000001,0.19976879999999794,0.8132639999999992,127.0,42.80963876809999,39.45520670500001,3.354432063099974
3.86,84.38673940007017,19.638842615552008,0.20783969280000078,0.800893439999999,127.2,42.81326059992983,39.45826392332801,3.3549966766018215
3.87,84.58313835117343,19.64096084939201,0.21578624639999927,0.7883961599999985,127.4,42.816861648826574,39.46144127408802,3.3554203747385607
3.88,84.7795588798546,19.643157921792007,0.22360719359999692,0.7757721599999995,127.6,42.82044112014539,39.46473688268801,3.355704237457381
3.89,84.97600176819788,19.645432570352007,0.23130126719999897,0.7630214399999995,127.8,42.82399823180212,39.468148855528014,3.3558493762741115
3.9,85.17246778560002,19.647783520000008,0.2388671999999984,0.7501439999999994,128.0,42.82753221439998,39.471675280000014,3.3558569343999665
3.91,85.36895768864376,19.650209482992008,0.24630372479999876,0.7371398399999989,128.2,42.83104231135623,39.47531422448801,3.3557280868682184
3.92,85.56547222097103,19.65270915891201,0.2536095743999983,0.7240089599999993,128.4,42.834527779028974,39.47906373836801,3.3554640406609586
3.93,85.7620121131562,19.65528123467201,0.26078348160000053,0.7107513599999984,128.60000000000002,42.83798788684382,39.48292185200802,3.3550660348358043
3.94,85.95857808257948,19.65792438451201,0.26782417919999824,0.69736704,128.8,42.84142191742053,39.486886576768015,3.354535340652518
3.95,86.15517083330002,19.660637270000006,0.27473039999999693,0.6838559999999998,129.0,42.84482916669998,39.49095590500001,3.353873261699974
3.96,86.35179105592937,19.663418540032005,0.28150087679999836,0.6702182399999992,129.2,42.84820894407062,39.495127810048004,3.353081134022613
3.97,86.54843942750463,19.666266830832008,0.28813434239999713,0.6564537599999994,129.4,42.85156057249537,39.499400246248015,3.352160326247361
3.98,86.74511661136182,19.66918076595201,0.29462952959999855,0.6425625599999985,129.6,42.85488338863817,39.50377114892802,3.3511122397101545
3.99,86.94182325700908,19.672158956272007,0.30098517119999735,0.6285446399999982,129.8,42.858176742990935,39.508238434408014,3.3499383085829244
4.0,87.13856000000003,19.67520000000001,0.3071999999999989,0.6143999999999996,130.0,42.86143999999997,39.51280000000001,3.348639999999957
4.01,87.33532746180695,19.678302482672006,0.31327274879999956,0.6001286400000008,130.2,42.864672538193034,39.51745372400801,3.3472188141850268
4.0200000000000005,87.53212624969423,19.68146497715201,0.3192021503999994,0.585730559999999,130.4,42.867873750305776,39.52219746572801,3.3456762845777597
4.03,87.72895695659142,19.68468604363201,0.3249869375999983,0.5712057599999989,130.60000000000002,42.871043043408605,39.52702906544801,3.344013977960593
4.04,87.92582016096668,19.68796422963201,0.3306258432,0.5565542399999985,130.8,42.87417983903333,39.531946344448016,3.3422334945853187
4.05,88.12271642670001,19.69129807000001,0.3361175999999989,0.5417759999999998,131.0,42.87728357329999,39.53694710500001,3.340336468299977
4.0600000000000005,88.31964630295657,19.694686086912007,0.341460940799997,0.52687104,131.20000000000002,42.88035369704345,39.54202913036801,3.3383245666754355
4.07,88.51661032405983,19.69812678987201,0.34665459839999974,0.51183936,131.4,42.88338967594018,39.54719018480802,3.336199491132163
4.08,88.71360900936502,19.701618675712005,0.35169730559999784,0.49668095999999967,131.6,42.88639099063498,39.552428013568004,3.333962977066971
4.09,88.91064286313227,19.705160228592007,0.35658779519999684,0.48139584000000013,131.8,42.889357136867744,39.55774034288801,3.331616793979734
4.1,89.10771237440002,19.70874992000001,0.3613247999999987,0.46598399999999945,132.0,42.89228762559998,39.56312488000002,3.3291627455999624
4.11,89.30481801685816,19.71238620875201,0.3659070527999998,0.4504454400000004,132.2,42.895181983141825,39.56857931312802,3.3266026700138056
4.12,89.50196024872143,19.716067540992007,0.370333286399998,0.43478016000000025,132.4,42.898039751278574,39.57410131148801,3.323938439790563
4.13,89.6991395126026,19.71979235019201,0.37460223359999717,0.4189881600000008,132.6,42.900860487397395,39.57968852528801,3.321171962109382
4.14,89.89635623538587,19.72355905715201,0.3787126271999992,0.4030694400000002,132.8,42.903643764614145,39.58533858572801,3.3183051788861313
4.15,90.09361082810003,19.72736607000001,0.3826631999999966,0.3870239999999994,133.0,42.906389171899974,39.59104910500001,3.31534006689996
4.16,90.29090368579176,19.73121178419201,0.3864526847999987,0.3708518399999994,133.2,42.90909631420823,39.59681767628801,3.3122786379202154
4.17,90.48823518739903,19.735094582512012,0.39007981439999795,0.3545529600000009,133.4,42.91176481260098,39.60264187376802,3.30912293883296
4.18,90.6856056956242,19.739012835072007,0.3935433215999964,0.3381273600000013,133.6,42.91439430437579,39.60851925260801,3.305875051767778
4.19,90.88301555680749,19.742964899312007,0.39684193919999766,0.3215750399999997,133.8,42.91698444319252,39.614447348968014,3.3025370942245083
4.2,91.08046510080003,19.746949120000007,0.3999743999999999,0.3048959999999997,134.0,42.919534899199974,39.62042368000001,3.2991112191999648
4.21,91.27795464083736,19.75096382923201,0.4029394367999993,0.28809024000000044,134.2,42.922045359162624,39.626445743848016,3.2955996153146074
4.22,91.47548447341262,19.75500734643201,0.40573578239999775,0.27115776,134.39999999999998,42.924515526587356,39.632511019648014,3.2920045069393424
4.23,91.67305487814981,19.759077978352007,0.4083621695999992,0.25409856000000036,134.60000000000002,42.92694512185021,39.63861696752801,3.288328154322201
4.24,91.87066611767709,19.76317401907201,0.41081733119999975,0.23691264,134.8,42.92933388232292,39.644761028608016,3.2845728537149057
4.25,92.06831843750001,19.76729375000001,0.41309999999999925,0.21960000000000082,135.0,42.93168156249999,39.65094062500002,3.2807409374999708
4.26,92.26601206587496,19.771435439872008,0.41520890879999783,0.2021606400000005,135.2,42.93398793412503,39.65715315980801,3.2768347743170168
4.2700000000000005,92.46374721368223,19.775597344752008,0.41714279039999946,0.1845945599999991,135.4,42.93625278631778,39.66339601712801,3.2728567691897688
4.28,92.66152407429942,19.779777708032007,0.41890037759999804,0.16690176000000065,135.60000000000002,42.9384759257006,39.66966656204801,3.26880936365259
4.29,92.85934282347468,19.783974760432006,0.4204804031999977,0.1490822400000011,135.8,42.940657176525335,39.67596214064801,3.264695035877324
4.3,93.05720361920002,19.78818672000001,0.4218815999999984,0.13113600000000086,136.0,42.942796380799976,39.68228008000001,3.2605163007999636
4.3100000000000005,93.25510660158457,19.792411792112013,0.4231027008000001,0.11306303999999955,136.20000000000002,42.944893398415445,39.68861768816802,3.256275710247426
4.32,93.45305189272784,19.79664816947201,0.42414243839999893,0.09486335999999937,136.4,42.94694810727216,39.69497225420802,3.2519758530641454
4.33,93.65103959659301,19.800894032112005,0.42499954559999864,0.07653696000000036,136.6,42.948960403406986,39.701341048168004,3.247619355238978
4.34,93.84906979888028,19.80514754739201,0.4256727551999995,0.0580838400000016,136.8,42.95093020111973,39.707721321088016,3.243208880031716
4.3500000000000005,94.04714256690004,19.80940687000001,0.4261607999999974,0.03950400000000036,137.0,42.952857433099965,39.71411030500002,3.2387471280999485
4.36,94.24525794944618,19.81367014195201,0.4264624127999983,0.020797439999999823,137.2,42.954742050553804,39.72050521292802,3.23423683762579
4.37,94.44341597666943,19.81793549259201,0.4265763263999982,0.001964160000000902,137.4,42.95658402333058,39.72690323888801,3.2296807844425643
4.38,94.64161665995061,19.822201038592006,0.4265012735999971,-0.01699583999999959,137.6,42.95838334004938,39.73330155788801,3.2250817821613715
4.39,94.83985999177386,19.82646488395201,0.42623598720000105,-0.036082559999998466,137.8,42.96014000822615,39.73969732592801,3.2204426822981347
4.4,95.03814594560002,19.83072512000001,0.4257792000000002,-0.055295999999999366,138.0,42.96185405439998,39.74608768000002,3.215766374399962
4.41,95.23647447573977,19.834979825392015,0.4251296448000002,-0.07463615999999865,138.2,42.96352552426022,39.752469738088024,3.211055786172196
4.42,95.43484551722703,19.83922706611201,0.4242860543999973,-0.09410303999999906,138.4,42.965154482772974,39.75884059916801,3.2063138836049596
4.43,95.63325898569221,19.843464895472007,0.4232471615999973,-0.11369663999999784,138.6,42.966741014307786,39.76519734320801,3.2015436710997776
4.44,95.83171477723549,19.847691354112012,0.42201169920000065,-0.13341696000000047,138.8,42.96828522276452,39.771537031168016,3.1967481915965053
4.45,96.03021276830003,19.85190447000001,0.4205784000000008,-0.15326399999999968,139.0,42.96978723169997,39.77785670500002,3.1919305266999487
4.46,96.22875281554536,19.85610225843201,0.41894599679999794,-0.17323775999999816,139.2,42.971247184454626,39.78415338764802,3.187093796806611
4.47,96.42733475572062,19.860282722032007,0.41711322239999815,-0.1933382399999973,139.39999999999998,42.972665244279355,39.79042408304801,3.182241161231346
4.48,96.62595840553783,19.86444385075201,0.41507880959999754,-0.21356543999999986,139.60000000000002,42.97404159446219,39.796665776128016,3.177375818334177
4.49,96.82462356154508,19.868583621872006,0.4128414911999978,-0.23391935999999897,139.8,42.97537643845493,39.80287543280801,3.1725010056469216
4.5,97.02333000000002,19.87270000000001,0.4103999999999992,-0.2543999999999992,140.0,42.976669999999984,39.80905000000001,3.167619999999971
4.51,97.22207747674295,19.87679093707201,0.4077530687999995,-0.27500735999999826,140.2,42.977922523257035,39.81518640560802,3.162736117649022
4.5200000000000005,97.42086572707025,19.880854372352008,0.4048994303999991,-0.29574143999999936,140.4,42.979134272929755,39.821281558528014,3.1578527144017414
4.53,97.61969446560741,19.88488823243201,0.40183781759999737,-0.31660223999999837,140.60000000000002,42.98030553439261,39.827332348648014,3.152973185744596
4.54,97.81856338618269,19.88889043123201,0.39856696320000096,-0.3375897599999989,140.8,42.98143661381732,39.83333564684801,3.1481009669693094
4.55,98.01747216170003,19.89285887000001,0.39508559999999937,-0.3587039999999979,141.0,42.98252783829997,39.83928830500001,3.143239533299962
4.5600000000000005,98.21642044401258,19.89679143731201,0.39139246079999906,-0.3799449600000007,141.20000000000002,42.98357955598743,39.84518715596802,3.1383924000194163
4.57,98.41540786379583,19.900686009072007,0.3874862783999996,-0.40131263999999783,141.4,42.98459213620417,39.85102901360801,3.1335631225961578
4.58,98.61443403042102,19.904540448512012,0.3833657855999972,-0.4228070399999983,141.6,42.98556596957897,39.85681067276802,3.128755296810951
4.59,98.81349853182827,19.908352606192015,0.3790297151999999,-0.4444281599999972,141.8,42.98650146817174,39.862528909288024,3.1239725588837146
4.6000000000000005,99.01260093440003,19.91212032000001,0.3744767999999996,-0.4661759999999999,142.0,42.98739906559997,39.868180480000014,3.1192185855999597
4.61,99.21174078283417,19.915841415152013,0.3697057728000003,-0.48805055999999924,142.2,42.98825921716582,39.87376212272802,3.1144970944378016
4.62,99.41091760001743,19.91951370419201,0.36471536639999796,-0.5100518399999991,142.4,42.98908239998258,39.87927055628801,3.1098118436945654
4.63,99.6101308868986,19.923134986992007,0.35950431359999874,-0.5321798399999966,142.6,42.98986911310139,39.88470248048801,3.1051666326133827
4.64,99.80938012236189,19.926703050752014,0.35407134720000066,-0.5544345599999969,142.8,42.990619877638125,39.89005457612802,3.100565301510102
4.65,100.00866476310003,19.930215670000013,0.3484151999999995,-0.5768159999999984,143.0,42.99133523689997,39.89532350500002,3.0960117318999494
4.66,100.20798424348779,19.93367060659201,0.34253460479999936,-0.5993241599999988,143.2,42.9920157565122,39.90050590988801,3.091509846624188
4.67,100.40733797545504,19.93706560971201,0.33642829439999816,-0.6219590399999975,143.4,42.99266202454497,39.90559841456802,3.0870636099769513
4.68,100.60672534836021,19.940398415872014,0.3300950016000002,-0.6447206399999977,143.6,42.99327465163978,39.91059762380802,3.082677027831757
4.69,100.80614572886347,19.94366674891201,0.32353345919999704,-0.6676089599999977,143.8,42.99385427113654,39.91550012336801,3.078354147768529
4.7,101.00559846080003,19.94686832000001,0.3167423999999992,-0.690623999999998,144.0,42.99440153919997,39.92030248000002,3.074099059199952
4.71,101.20508286505336,19.95000082763201,0.30972055680000027,-0.713765759999997,144.2,42.99491713494663,39.925001241448015,3.0699158934986173
4.72,101.40459823942862,19.95306195763201,0.3024666623999982,-0.7370342399999972,144.39999999999998,42.995401760571355,39.92959293644802,3.0658088241233408
4.73,101.60414385852583,19.95604938315201,0.29497944959999733,-0.760429439999999,144.60000000000002,42.99585614147419,39.93407407472802,3.0617820667461757
4.74,101.80371897361309,19.958960764672014,0.2872576511999996,-0.7839513599999991,144.8,42.996281026386924,39.93844114700802,3.0578398793789034
4.75,102.00332281250002,19.961793750000012,0.2793000000000008,-0.8075999999999963,145.0,42.996677187499984,39.94269062500002,3.053986562499965
4.76,102.20295457941097,19.96454597427201,0.27110522879999893,-0.8313753599999968,145.2,42.99704542058902,39.94681896140801,3.0502264591810047
4.7700000000000005,102.40261345485824,19.96721505995201,0.2626720703999981,-0.8552774399999985,145.4,42.997386545141765,39.950822589928016,3.046563955213749
4.78,102.60229859551542,19.96979861683201,0.25399925759999625,-0.8793062399999986,145.60000000000002,42.9977014044846,39.95469792524801,3.0430034792365888
4.79,102.80200913409068,19.972294242032014,0.245085523200002,-0.9034617599999974,145.8,42.99799086590933,39.958441363048024,3.039549502861309
4.8,103.00174417920002,19.97469952000001,0.23592960000000018,-0.927743999999996,146.0,42.99825582079998,39.962049280000016,3.03620654079997
4.8100000000000005,103.20150281524057,19.977012022512007,0.22653022079999954,-0.9521529599999976,146.20000000000002,42.998497184759444,39.96551803376801,3.0329791509914337
4.82,103.40128410226383,19.979229308672007,0.2168861183999978,-0.976688639999998,146.4,42.998715897736176,39.96884396300801,3.0298719347281633
4.83,103.60108707584902,19.981348924912005,0.20699602559999714,-1.0013510399999968,146.6,42.99891292415097,39.97202338736801,3.0268895367829636
4.84,103.80091074697627,19.983368404992014,0.1968586751999999,-1.0261401599999973,146.8,42.99908925302374,39.975052607488024,3.0240366455357197
4.8500000000000005,104.00075410190003,19.985285270000013,0.18647280000000158,-1.0510559999999987,147.0,42.99924589809997,39.977927905000016,3.0213179930999523
4.86,104.20061610202218,19.98709702835201,0.17583713279999774,-1.0760985599999977,147.2,42.99938389797781,39.980645542528016,3.0187383554497913
4.87,104.40049568376543,19.988801175792013,0.16495040639999947,-1.1012678399999964,147.4,42.99950431623458,39.983201763688015,3.016302552546559
4.88,104.6003917584466,19.99039519539201,0.15381135360000237,-1.1265638399999967,147.6,42.99960824155339,39.98559279308802,3.014015448465372
4.89,104.80030321214987,19.99187655755201,0.14241870719999974,-1.1519865599999966,147.8,42.99969678785014,39.98781483632801,3.011881951522124
4.9,105.00022890560004,19.99324272000001,0.1307712000000005,-1.1775359999999986,148.0,42.99977109439996,39.98986408000001,3.00990701439995
4.91,105.20016767403577,19.99449112779201,0.11886756480000017,-1.2032121599999974,148.2,42.99983232596422,39.99173669168802,3.0080956342762057
4.92,105.40011832708304,19.99561921331201,0.10670653439999876,-1.2290150399999957,148.4,42.99988167291697,39.99342881996802,3.0064528529489536
4.93,105.60007964862821,19.99662439627201,0.09428684160000074,-1.2549446399999962,148.6,42.999920351371784,39.99493659440802,3.0049837569637674
4.94,105.80005039669149,19.997504083712016,0.08160721920000165,-1.281000959999998,148.8,42.99994960330852,39.996256125568024,3.003693477740498
4.95,106.00002930330002,19.998255670000013,0.06866640000000147,-1.3071839999999966,149.0,42.999970696699975,39.997383505000016,3.0025871916999556
4.96,106.20001507436137,19.99887653683201,0.05546311679999796,-1.3334937599999972,149.2,42.999984925638614,39.998314805248015,3.0016701203905995
4.97,106.40000638953664,19.99936405323201,0.04199610240000236,-1.3599302399999975,149.39999999999998,42.999993610463335,39.999046079848014,3.0009475306153206
4.98,106.60000190211383,19.99971557555201,0.028264089599996635,-1.3864934399999975,149.60000000000002,42.99999809788619,39.99957336332801,3.0004247345581767
4.99,106.80000023888108,19.999928447472016,0.01426581120000113,-1.413183359999996,149.8,42.99999976111893,39.99989267120802,3.0001070899109052
5.0,107.00000000000003,20.00000000000001,0.0,-1.4399999999999964,150.0,42.99999999999997,40.000000000000014,2.9999999999999574
